Time stamp,Experiment time,Phase,Time in Phase,Period Type,Time in Period,Fidelity,Model,FOV,Saturation,FPS target,FPS real
25/01/2019 14:47:17.191,0.01075363,adaptation,0.01075363,none,0,1,5,110,100,90,15.05176
25/01/2019 14:47:17.239,0.05904198,adaptation,0.05904198,none,0,1,5,110,100,90,15.05176
25/01/2019 14:47:17.240,0.06100655,adaptation,0.06100655,none,0,1,5,110,100,90,15.05176
25/01/2019 14:47:17.242,0.06281281,adaptation,0.06281281,none,0,1,5,110,100,90,15.05176
25/01/2019 14:47:17.244,0.06492805,adaptation,0.06492805,none,0,1,5,110,100,90,15.05176
25/01/2019 14:47:17.246,0.06697273,adaptation,0.06697273,none,0,1,5,110,100,90,15.05176
25/01/2019 14:47:17.248,0.06890869,adaptation,0.06890869,none,0,1,5,110,100,90,15.05176
25/01/2019 14:47:17.250,0.07091331,adaptation,0.07091331,none,0,1,5,110,100,90,15.05176
25/01/2019 14:47:17.306,0.1263103,adaptation,0.1263103,none,0,1,5,110,100,90,14.14293
25/01/2019 14:47:17.308,0.1283226,adaptation,0.1283226,none,0,1,5,110,100,90,14.14293
25/01/2019 14:47:17.310,0.1302166,adaptation,0.1302166,none,0,1,5,110,100,90,14.14293
25/01/2019 14:47:17.312,0.1320724,adaptation,0.1320724,none,0,1,5,110,100,90,14.14293
25/01/2019 14:47:17.314,0.1340141,adaptation,0.1340141,none,0,1,5,110,100,90,14.14293
25/01/2019 14:47:17.315,0.1359501,adaptation,0.1359501,none,0,1,5,110,100,90,14.14293
25/01/2019 14:47:17.372,0.1920795,adaptation,0.1920795,none,0,1,5,110,100,90,14.82975
25/01/2019 14:47:17.374,0.1942921,adaptation,0.1942921,none,0,1,5,110,100,90,14.82975
25/01/2019 14:47:17.376,0.1961155,adaptation,0.1961155,none,0,1,5,110,100,90,14.82975
25/01/2019 14:47:17.378,0.1981106,adaptation,0.1981106,none,0,1,5,110,100,90,14.82975
25/01/2019 14:47:17.380,0.2000046,adaptation,0.2000046,none,0,1,5,110,100,90,14.82975
25/01/2019 14:47:17.382,0.2019634,adaptation,0.2019634,none,0,1,5,110,100,90,14.82975
25/01/2019 14:47:17.383,0.2039242,adaptation,0.2039242,none,0,1,5,110,100,90,14.82975
25/01/2019 14:47:17.436,0.2560558,adaptation,0.2560558,none,0,1,5,110,100,90,14.95238
25/01/2019 14:47:17.438,0.2579803,adaptation,0.2579803,none,0,1,5,110,100,90,14.95238
25/01/2019 14:47:17.440,0.2599945,adaptation,0.2599945,none,0,1,5,110,100,90,14.95238
25/01/2019 14:47:17.442,0.2619839,adaptation,0.2619839,none,0,1,5,110,100,90,14.95238
25/01/2019 14:47:17.443,0.2639122,adaptation,0.2639122,none,0,1,5,110,100,90,14.95238
25/01/2019 14:47:17.445,0.2658558,adaptation,0.2658558,none,0,1,5,110,100,90,14.95238
25/01/2019 14:47:17.498,0.3185349,adaptation,0.3185349,none,0,1,5,110,100,90,15.7065
25/01/2019 14:47:17.500,0.3206005,adaptation,0.3206005,none,0,1,5,110,100,90,15.7065
25/01/2019 14:47:17.502,0.3225937,adaptation,0.3225937,none,0,1,5,110,100,90,15.7065
25/01/2019 14:47:17.504,0.3245773,adaptation,0.3245773,none,0,1,5,110,100,90,15.7065
25/01/2019 14:47:17.506,0.3264961,adaptation,0.3264961,none,0,1,5,110,100,90,15.7065
25/01/2019 14:47:17.508,0.3283863,adaptation,0.3283863,none,0,1,5,110,100,90,15.7065
25/01/2019 14:47:17.510,0.3303089,adaptation,0.3303089,none,0,1,5,110,100,90,15.7065
25/01/2019 14:47:17.563,0.3829041,adaptation,0.3829041,none,0,1,5,110,100,90,15.84196
25/01/2019 14:47:17.564,0.3848076,adaptation,0.3848076,none,0,1,5,110,100,90,15.84196
25/01/2019 14:47:17.566,0.386713,adaptation,0.386713,none,0,1,5,110,100,90,15.84196
25/01/2019 14:47:17.568,0.3885841,adaptation,0.3885841,none,0,1,5,110,100,90,15.84196
25/01/2019 14:47:17.570,0.3904934,adaptation,0.3904934,none,0,1,5,110,100,90,15.84196
25/01/2019 14:47:17.572,0.3924484,adaptation,0.3924484,none,0,1,5,110,100,90,15.84196
25/01/2019 14:47:17.624,0.4450645,adaptation,0.4450645,none,0,1,5,110,100,90,15.79218
25/01/2019 14:47:17.626,0.447113,adaptation,0.447113,none,0,1,5,110,100,90,15.79218
25/01/2019 14:47:17.628,0.4490337,adaptation,0.4490337,none,0,1,5,110,100,90,15.79218
25/01/2019 14:47:17.630,0.4510994,adaptation,0.4510994,none,0,1,5,110,100,90,15.79218
25/01/2019 14:47:17.632,0.4530354,adaptation,0.4530354,none,0,1,5,110,100,90,15.79218
25/01/2019 14:47:17.634,0.4549637,adaptation,0.4549637,none,0,1,5,110,100,90,15.79218
25/01/2019 14:47:17.687,0.5083904,adaptation,0.5083904,none,0,1,5,110,100,90,15.98384
25/01/2019 14:47:17.689,0.5104694,adaptation,0.5104694,none,0,1,5,110,100,90,15.98384
25/01/2019 14:47:17.691,0.5124493,adaptation,0.5124493,none,0,1,5,110,100,90,15.98384
25/01/2019 14:47:17.693,0.5145435,adaptation,0.5145435,none,0,1,5,110,100,90,15.98384
25/01/2019 14:47:17.695,0.5166054,adaptation,0.5166054,none,0,1,5,110,100,90,15.98384
25/01/2019 14:47:17.697,0.5185337,adaptation,0.5185337,none,0,1,5,110,100,90,15.98384
25/01/2019 14:47:17.699,0.5206108,adaptation,0.5206108,none,0,1,5,110,100,90,15.98384
25/01/2019 14:47:17.752,0.5732613,adaptation,0.5732613,none,0,1,5,110,100,90,15.68374
25/01/2019 14:47:17.754,0.5752449,adaptation,0.5752449,none,0,1,5,110,100,90,15.68374
25/01/2019 14:47:17.756,0.5772514,adaptation,0.5772514,none,0,1,5,110,100,90,15.68374
25/01/2019 14:47:17.758,0.5791721,adaptation,0.5791721,none,0,1,5,110,100,90,15.68374
25/01/2019 14:47:17.760,0.5811539,adaptation,0.5811539,none,0,1,5,110,100,90,15.68374
25/01/2019 14:47:17.763,0.5833473,adaptation,0.5833473,none,0,1,5,110,100,90,15.68374
25/01/2019 14:47:17.815,0.6358185,adaptation,0.6358185,none,0,1,5,110,100,90,15.64074
25/01/2019 14:47:17.817,0.6378117,adaptation,0.6378117,none,0,1,5,110,100,90,15.64074
25/01/2019 14:47:17.819,0.6396523,adaptation,0.6396523,none,0,1,5,110,100,90,15.64074
25/01/2019 14:47:17.821,0.6416283,adaptation,0.6416283,none,0,1,5,110,100,90,15.64074
25/01/2019 14:47:17.823,0.6435757,adaptation,0.6435757,none,0,1,5,110,100,90,15.64074
25/01/2019 14:47:17.825,0.6456013,adaptation,0.6456013,none,0,1,5,110,100,90,15.64074
25/01/2019 14:47:17.877,0.6981049,adaptation,0.6981049,none,0,1,5,110,100,90,15.86803
25/01/2019 14:47:17.879,0.70014,adaptation,0.70014,none,0,1,5,110,100,90,15.86803
25/01/2019 14:47:17.881,0.7021408,adaptation,0.7021408,none,0,1,5,110,100,90,15.86803
25/01/2019 14:47:17.883,0.7040844,adaptation,0.7040844,none,0,1,5,110,100,90,15.86803
25/01/2019 14:47:17.885,0.7060261,adaptation,0.7060261,none,0,1,5,110,100,90,15.86803
25/01/2019 14:47:17.887,0.7078629,adaptation,0.7078629,none,0,1,5,110,100,90,15.86803
25/01/2019 14:47:17.889,0.7097187,adaptation,0.7097187,none,0,1,5,110,100,90,15.86803
25/01/2019 14:47:17.942,0.7626438,adaptation,0.7626438,none,0,1,5,110,100,90,15.87937
25/01/2019 14:47:17.944,0.7646408,adaptation,0.7646408,none,0,1,5,110,100,90,15.87937
25/01/2019 14:47:17.946,0.7664661,adaptation,0.7664661,none,0,1,5,110,100,90,15.87937
25/01/2019 14:47:17.948,0.7684174,adaptation,0.7684174,none,0,1,5,110,100,90,15.87937
25/01/2019 14:47:17.950,0.7701931,adaptation,0.7701931,none,0,1,5,110,100,90,15.87937
25/01/2019 14:47:17.951,0.7721367,adaptation,0.7721367,none,0,1,5,110,100,90,15.87937
25/01/2019 14:47:18.004,0.8245678,adaptation,0.8245678,none,0,1,5,110,100,90,15.78514
25/01/2019 14:47:18.006,0.8265095,adaptation,0.8265095,none,0,1,5,110,100,90,15.78514
25/01/2019 14:47:18.008,0.8284454,adaptation,0.8284454,none,0,1,5,110,100,90,15.78514
25/01/2019 14:47:18.010,0.8303089,adaptation,0.8303089,none,0,1,5,110,100,90,15.78514
25/01/2019 14:47:18.011,0.8321209,adaptation,0.8321209,none,0,1,5,110,100,90,15.78514
25/01/2019 14:47:18.014,0.8341446,adaptation,0.8341446,none,0,1,5,110,100,90,15.78514
25/01/2019 14:47:18.068,0.8881836,adaptation,0.8881836,none,0,1,5,110,100,90,16.02469
25/01/2019 14:47:18.070,0.8901901,adaptation,0.8901901,none,0,1,5,110,100,90,16.02469
25/01/2019 14:47:18.071,0.8920212,adaptation,0.8920212,none,0,1,5,110,100,90,16.02469
25/01/2019 14:47:18.073,0.8939781,adaptation,0.8939781,none,0,1,5,110,100,90,16.02469
25/01/2019 14:47:18.075,0.8958931,adaptation,0.8958931,none,0,1,5,110,100,90,16.02469
25/01/2019 14:47:18.077,0.8978539,adaptation,0.8978539,none,0,1,5,110,100,90,16.02469
25/01/2019 14:47:18.079,0.8996849,adaptation,0.8996849,none,0,1,5,110,100,90,16.02469
25/01/2019 14:47:18.133,0.9536495,adaptation,0.9536495,none,0,1,5,110,100,90,15.64524
25/01/2019 14:47:18.135,0.9557095,adaptation,0.9557095,none,0,1,5,110,100,90,15.64524
25/01/2019 14:47:18.137,0.9577389,adaptation,0.9577389,none,0,1,5,110,100,90,15.64524
25/01/2019 14:47:18.139,0.959837,adaptation,0.959837,none,0,1,5,110,100,90,15.64524
25/01/2019 14:47:18.141,0.9617157,adaptation,0.9617157,none,0,1,5,110,100,90,15.64524
25/01/2019 14:47:18.143,0.9636765,adaptation,0.9636765,none,0,1,5,110,100,90,15.64524
25/01/2019 14:47:18.201,1.0158,intervention,0.01580048,decay,0.01580048,0.99,4,109.26,99,89,15.56813
25/01/2019 14:47:18.204,1.02367,intervention,0.0236702,decay,0.0236702,0.98,4,108.52,98,88,15.56813
25/01/2019 14:47:18.207,1.026634,intervention,0.02663422,decay,0.02663422,0.98,4,108.52,98,88,15.56813
25/01/2019 14:47:18.210,1.029579,intervention,0.02957916,decay,0.02957916,0.98,4,108.52,98,88,15.56813
25/01/2019 14:47:18.213,1.032511,intervention,0.03251076,decay,0.03251076,0.98,4,108.52,98,88,15.56813
25/01/2019 14:47:18.216,1.035559,intervention,0.0355587,decay,0.0355587,0.98,4,108.52,98,88,15.56813
25/01/2019 14:47:18.268,1.087183,intervention,0.087183,decay,0.087183,0.95,4,106.31,95,87,15.79552
25/01/2019 14:47:18.271,1.090658,intervention,0.09065819,decay,0.09065819,0.95,4,106.31,95,87,15.79552
25/01/2019 14:47:18.274,1.093472,intervention,0.09347153,decay,0.09347153,0.95,4,106.31,95,87,15.79552
25/01/2019 14:47:18.276,1.096182,intervention,0.09618187,decay,0.09618187,0.95,4,106.31,95,87,15.79552
25/01/2019 14:47:18.279,1.099016,intervention,0.09901619,decay,0.09901619,0.95,4,106.31,95,87,15.79552
25/01/2019 14:47:18.282,1.101778,intervention,0.101778,decay,0.101778,0.94,4,105.57,94,86,15.79552
25/01/2019 14:47:18.285,1.104607,intervention,0.1046066,decay,0.1046066,0.94,4,105.57,94,86,15.79552
25/01/2019 14:47:18.288,1.107475,intervention,0.1074753,decay,0.1074753,0.94,4,105.57,94,86,15.79552
25/01/2019 14:47:18.345,1.164326,intervention,0.1643257,decay,0.1643257,0.91,4,103.36,91,84,13.91388
25/01/2019 14:47:18.348,1.167261,intervention,0.1672611,decay,0.1672611,0.91,4,103.36,91,84,13.91388
25/01/2019 14:47:18.351,1.170057,intervention,0.1700573,decay,0.1700573,0.91,4,103.36,91,84,13.91388
25/01/2019 14:47:18.354,1.173313,intervention,0.1733131,decay,0.1733131,0.91,4,103.36,91,84,13.91388
25/01/2019 14:47:18.356,1.176035,intervention,0.1760349,decay,0.1760349,0.91,4,103.36,91,84,13.91388
25/01/2019 14:47:18.359,1.178759,intervention,0.1787586,decay,0.1787586,0.91,4,103.36,91,84,13.91388
25/01/2019 14:47:18.362,1.181355,intervention,0.1813545,decay,0.1813545,0.9,4,102.62,90,84,13.91388
25/01/2019 14:47:18.426,1.245331,intervention,0.2453308,decay,0.2453308,0.87,4,100.41,87,82,13.20638
25/01/2019 14:47:18.429,1.24848,intervention,0.2484798,decay,0.2484798,0.87,4,100.41,87,82,13.20638
25/01/2019 14:47:18.432,1.251215,intervention,0.251215,decay,0.251215,0.87,4,100.41,87,82,13.20638
25/01/2019 14:47:18.434,1.253927,intervention,0.2539272,decay,0.2539272,0.87,4,100.41,87,82,13.20638
25/01/2019 14:47:18.437,1.256626,intervention,0.2566261,decay,0.2566261,0.87,4,100.41,87,82,13.20638
25/01/2019 14:47:18.440,1.259356,intervention,0.2593555,decay,0.2593555,0.87,4,100.41,87,82,13.20638
25/01/2019 14:47:18.442,1.262136,intervention,0.2621365,decay,0.2621365,0.86,4,99.68,86,81,13.20638
25/01/2019 14:47:18.445,1.265043,intervention,0.2650433,decay,0.2650433,0.86,4,99.68,86,81,13.20638
25/01/2019 14:47:18.509,1.328365,intervention,0.3283653,decay,0.3283653,0.83,4,97.47,83,79,12.2326
25/01/2019 14:47:18.512,1.33172,intervention,0.3317204,decay,0.3317204,0.83,4,97.47,83,79,12.2326
25/01/2019 14:47:18.515,1.334497,intervention,0.3344975,decay,0.3344975,0.83,4,97.47,83,79,12.2326
25/01/2019 14:47:18.518,1.337288,intervention,0.3372879,decay,0.3372879,0.83,4,97.47,83,79,12.2326
25/01/2019 14:47:18.520,1.340006,intervention,0.3400059,decay,0.3400059,0.82,4,96.73,82,79,12.2326
25/01/2019 14:47:18.523,1.342747,intervention,0.3427467,decay,0.3427467,0.82,4,96.73,82,79,12.2326
25/01/2019 14:47:18.526,1.345453,intervention,0.3454533,decay,0.3454533,0.82,4,96.73,82,79,12.2326
25/01/2019 14:47:18.529,1.348131,intervention,0.3481312,decay,0.3481312,0.82,4,96.73,82,79,12.2326
25/01/2019 14:47:18.531,1.350718,intervention,0.3507175,decay,0.3507175,0.82,4,96.73,82,79,12.2326
25/01/2019 14:47:18.590,1.410028,intervention,0.4100285,decay,0.4100285,0.79,4,94.52,79,77,11.98216
25/01/2019 14:47:18.592,1.413029,intervention,0.4130287,decay,0.4130287,0.79,4,94.52,79,77,11.98216
25/01/2019 14:47:18.595,1.415724,intervention,0.4157238,decay,0.4157238,0.79,4,94.52,79,77,11.98216
25/01/2019 14:47:18.598,1.418446,intervention,0.4184456,decay,0.4184456,0.79,4,94.52,79,77,11.98216
25/01/2019 14:47:18.601,1.421238,intervention,0.4212379,decay,0.4212379,0.78,4,93.78,78,76,11.98216
25/01/2019 14:47:18.603,1.424023,intervention,0.4240227,decay,0.4240227,0.78,4,93.78,78,76,11.98216
25/01/2019 14:47:18.606,1.426792,intervention,0.4267921,decay,0.4267921,0.78,4,93.78,78,76,11.98216
25/01/2019 14:47:18.609,1.429546,intervention,0.4295464,decay,0.4295464,0.78,4,93.78,78,76,11.98216
25/01/2019 14:47:18.673,1.493486,intervention,0.4934864,decay,0.4934864,0.75,4,91.57,75,75,12.40847
25/01/2019 14:47:18.676,1.496529,intervention,0.4965286,decay,0.4965286,0.75,4,91.57,75,75,12.40847
25/01/2019 14:47:18.679,1.499105,intervention,0.4991055,decay,0.4991055,0.75,4,91.57,75,75,12.40847
25/01/2019 14:47:18.681,1.50189,intervention,0.5018902,decay,0.5018902,0.74,4,90.83,74,74,12.40847
25/01/2019 14:47:18.684,1.504574,intervention,0.5045738,decay,0.5045738,0.74,4,90.83,74,74,12.40847
25/01/2019 14:47:18.687,1.507252,intervention,0.5072517,decay,0.5072517,0.74,4,90.83,74,74,12.40847
25/01/2019 14:47:18.690,1.510065,intervention,0.5100651,decay,0.5100651,0.74,4,90.83,74,74,12.40847
25/01/2019 14:47:18.692,1.512852,intervention,0.5128517,decay,0.5128517,0.74,4,90.83,74,74,12.40847
25/01/2019 14:47:18.753,1.572817,intervention,0.5728168,decay,0.5728168,0.71,4,88.62,71,72,11.9715
25/01/2019 14:47:18.755,1.575935,intervention,0.5759354,decay,0.5759354,0.71,4,88.62,71,72,11.9715
25/01/2019 14:47:18.759,1.578657,intervention,0.5786572,decay,0.5786572,0.71,4,88.62,71,72,11.9715
25/01/2019 14:47:18.761,1.581303,intervention,0.5813026,decay,0.5813026,0.7,4,87.88,70,72,11.9715
25/01/2019 14:47:18.764,1.584127,intervention,0.5841274,decay,0.5841274,0.7,4,87.88,70,72,11.9715
25/01/2019 14:47:18.767,1.58674,intervention,0.5867405,decay,0.5867405,0.7,4,87.88,70,72,11.9715
25/01/2019 14:47:18.769,1.589493,intervention,0.5894928,decay,0.5894928,0.7,4,87.88,70,72,11.9715
25/01/2019 14:47:18.773,1.59234,intervention,0.5923405,decay,0.5923405,0.7,4,87.88,70,72,11.9715
25/01/2019 14:47:18.834,1.654072,intervention,0.6540718,decay,0.6540718,0.67,4,85.67,67,70,12.50932
25/01/2019 14:47:18.837,1.657093,intervention,0.657093,decay,0.657093,0.67,4,85.67,67,70,12.50932
25/01/2019 14:47:18.840,1.659771,intervention,0.659771,decay,0.659771,0.67,4,85.67,67,70,12.50932
25/01/2019 14:47:18.843,1.662571,intervention,0.662571,decay,0.662571,0.66,3,84.94,66,69,12.50932
25/01/2019 14:47:18.846,1.665503,intervention,0.6655025,decay,0.6655025,0.66,3,84.94,66,69,12.50932
25/01/2019 14:47:18.848,1.668169,intervention,0.668169,decay,0.668169,0.66,3,84.94,66,69,12.50932
25/01/2019 14:47:18.851,1.6709,intervention,0.6709003,decay,0.6709003,0.66,3,84.94,66,69,12.50932
25/01/2019 14:47:18.854,1.673653,intervention,0.6736526,decay,0.6736526,0.66,3,84.94,66,69,12.50932
25/01/2019 14:47:18.913,1.73275,intervention,0.7327499,decay,0.7327499,0.63,3,82.73,63,67,12.3152
25/01/2019 14:47:18.916,1.735973,intervention,0.7359734,decay,0.7359734,0.63,3,82.73,63,67,12.3152
25/01/2019 14:47:18.919,1.738546,intervention,0.7385464,decay,0.7385464,0.63,3,82.73,63,67,12.3152
25/01/2019 14:47:18.921,1.741175,intervention,0.7411747,decay,0.7411747,0.62,3,81.99,62,67,12.3152
25/01/2019 14:47:18.924,1.743914,intervention,0.7439137,decay,0.7439137,0.62,3,81.99,62,67,12.3152
25/01/2019 14:47:18.927,1.746572,intervention,0.7465725,decay,0.7465725,0.62,3,81.99,62,67,12.3152
25/01/2019 14:47:18.929,1.749264,intervention,0.7492638,decay,0.7492638,0.62,3,81.99,62,67,12.3152
25/01/2019 14:47:18.932,1.751894,intervention,0.751894,decay,0.751894,0.62,3,81.99,62,67,12.3152
25/01/2019 14:47:18.992,1.811451,intervention,0.811451,decay,0.811451,0.59,3,79.78,59,65,12.65286
25/01/2019 14:47:18.995,1.814606,intervention,0.8146057,decay,0.8146057,0.59,3,79.78,59,65,12.65286
25/01/2019 14:47:18.998,1.81741,intervention,0.8174095,decay,0.8174095,0.59,3,79.78,59,65,12.65286
25/01/2019 14:47:19.000,1.820198,intervention,0.8201981,decay,0.8201981,0.58,3,79.04,58,64,12.65286
25/01/2019 14:47:19.003,1.823025,intervention,0.8230247,decay,0.8230247,0.58,3,79.04,58,64,12.65286
25/01/2019 14:47:19.006,1.82583,intervention,0.8258305,decay,0.8258305,0.58,3,79.04,58,64,12.65286
25/01/2019 14:47:19.009,1.828693,intervention,0.8286934,decay,0.8286934,0.58,3,79.04,58,64,12.65286
25/01/2019 14:47:19.011,1.83136,intervention,0.8313599,decay,0.8313599,0.58,3,79.04,58,64,12.65286
25/01/2019 14:47:19.071,1.890574,intervention,0.8905735,decay,0.8905735,0.55,3,76.83,55,63,12.75785
25/01/2019 14:47:19.074,1.893627,intervention,0.8936272,decay,0.8936272,0.55,3,76.83,55,63,12.75785
25/01/2019 14:47:19.076,1.896225,intervention,0.896225,decay,0.896225,0.55,3,76.83,55,63,12.75785
25/01/2019 14:47:19.079,1.898937,intervention,0.8989372,decay,0.8989372,0.55,3,76.83,55,63,12.75785
25/01/2019 14:47:19.082,1.901644,intervention,0.9016438,decay,0.9016438,0.54,3,76.09,54,62,12.75785
25/01/2019 14:47:19.084,1.904261,intervention,0.9042606,decay,0.9042606,0.54,3,76.09,54,62,12.75785
25/01/2019 14:47:19.087,1.906898,intervention,0.9068985,decay,0.9068985,0.54,3,76.09,54,62,12.75785
25/01/2019 14:47:19.090,1.909674,intervention,0.9096737,decay,0.9096737,0.54,3,76.09,54,62,12.75785
25/01/2019 14:47:19.153,1.972624,intervention,0.9726238,decay,0.9726238,0.51,3,73.88,51,60,12.6762
25/01/2019 14:47:19.156,1.975725,intervention,0.9757252,decay,0.9757252,0.51,3,73.88,51,60,12.6762
25/01/2019 14:47:19.159,1.978441,intervention,0.9784412,decay,0.9784412,0.51,3,73.88,51,60,12.6762
25/01/2019 14:47:19.161,1.981081,intervention,0.981081,decay,0.981081,0.5,3,73.15,50,60,12.6762
25/01/2019 14:47:19.164,1.983698,intervention,0.9836979,decay,0.9836979,0.5,3,73.15,50,60,12.6762
25/01/2019 14:47:19.166,1.98628,intervention,0.9862804,decay,0.9862804,0.5,3,73.15,50,60,12.6762
25/01/2019 14:47:19.169,1.988876,intervention,0.9888763,decay,0.9888763,0.5,3,73.15,50,60,12.6762
25/01/2019 14:47:19.172,1.991722,intervention,0.9917221,decay,0.9917221,0.5,3,73.15,50,60,12.6762
25/01/2019 14:47:19.233,2.052109,intervention,1.052109,decay,1.052109,0.47,3,70.93,47,58,12.20472
25/01/2019 14:47:19.236,2.05529,intervention,1.05529,decay,1.05529,0.47,3,70.93,47,58,12.20472
25/01/2019 14:47:19.238,2.058039,intervention,1.058039,decay,1.058039,0.47,3,70.93,47,58,12.20472
25/01/2019 14:47:19.241,2.06072,intervention,1.06072,decay,1.06072,0.46,3,70.2,46,57,12.20472
25/01/2019 14:47:19.244,2.063534,intervention,1.063534,decay,1.063534,0.46,3,70.2,46,57,12.20472
25/01/2019 14:47:19.247,2.066565,intervention,1.066565,decay,1.066565,0.46,3,70.2,46,57,12.20472
25/01/2019 14:47:19.249,2.069233,intervention,1.069233,decay,1.069233,0.46,3,70.2,46,57,12.20472
25/01/2019 14:47:19.252,2.071894,intervention,1.071894,decay,1.071894,0.46,3,70.2,46,57,12.20472
25/01/2019 14:47:19.312,2.131273,intervention,1.131273,decay,1.131273,0.43,3,67.99,43,55,12.55359
25/01/2019 14:47:19.315,2.134708,intervention,1.134708,decay,1.134708,0.43,3,67.99,43,55,12.55359
25/01/2019 14:47:19.318,2.137505,intervention,1.137505,decay,1.137505,0.43,3,67.99,43,55,12.55359
25/01/2019 14:47:19.321,2.140169,intervention,1.140169,decay,1.140169,0.42,3,67.25,42,55,12.55359
25/01/2019 14:47:19.323,2.14296,intervention,1.14296,decay,1.14296,0.42,3,67.25,42,55,12.55359
25/01/2019 14:47:19.326,2.145617,intervention,1.145617,decay,1.145617,0.42,3,67.25,42,55,12.55359
25/01/2019 14:47:19.329,2.14834,intervention,1.14834,decay,1.14834,0.42,3,67.25,42,55,12.55359
25/01/2019 14:47:19.331,2.151009,intervention,1.151009,decay,1.151009,0.42,3,67.25,42,55,12.55359
25/01/2019 14:47:19.398,2.216867,intervention,1.216867,decay,1.216867,0.39,3,65.04,39,53,12.59609
25/01/2019 14:47:19.400,2.220085,intervention,1.220085,decay,1.220085,0.38,3,64.3,38,52,12.59609
25/01/2019 14:47:19.403,2.22279,intervention,1.22279,decay,1.22279,0.38,3,64.3,38,52,12.59609
25/01/2019 14:47:19.406,2.225412,intervention,1.225412,decay,1.225412,0.38,3,64.3,38,52,12.59609
25/01/2019 14:47:19.409,2.22818,intervention,1.22818,decay,1.22818,0.38,3,64.3,38,52,12.59609
25/01/2019 14:47:19.412,2.230902,intervention,1.230902,decay,1.230902,0.38,3,64.3,38,52,12.59609
25/01/2019 14:47:19.415,2.234388,intervention,1.234388,decay,1.234388,0.38,3,64.3,38,52,12.59609
25/01/2019 14:47:19.417,2.237135,intervention,1.237135,decay,1.237135,0.38,3,64.3,38,52,12.59609
25/01/2019 14:47:19.479,2.29739,intervention,1.29739,decay,1.29739,0.35,3,62.09,35,51,11.73763
25/01/2019 14:47:19.482,2.300934,intervention,1.300934,decay,1.300934,0.34,3,61.35,34,50,11.73763
25/01/2019 14:47:19.484,2.303953,intervention,1.303953,decay,1.303953,0.34,3,61.35,34,50,11.73763
25/01/2019 14:47:19.487,2.306759,intervention,1.306759,decay,1.306759,0.34,3,61.35,34,50,11.73763
25/01/2019 14:47:19.490,2.309383,intervention,1.309383,decay,1.309383,0.34,3,61.35,34,50,11.73763
25/01/2019 14:47:19.493,2.312111,intervention,1.312111,decay,1.312111,0.34,3,61.35,34,50,11.73763
25/01/2019 14:47:19.494,2.314911,intervention,1.314911,decay,1.314911,0.34,3,61.35,34,50,11.73763
25/01/2019 14:47:19.497,2.317682,intervention,1.317682,decay,1.317682,0.34,3,61.35,34,50,11.73763
25/01/2019 14:47:19.500,2.320494,intervention,1.320494,decay,1.320494,0.33,2,60.62,33,49,11.73763
25/01/2019 14:47:19.557,2.377335,intervention,1.377335,decay,1.377335,0.31,2,59.14,31,48,12.28311
25/01/2019 14:47:19.560,2.380405,intervention,1.380405,decay,1.380405,0.3,2,58.41,30,48,12.28311
25/01/2019 14:47:19.563,2.383196,intervention,1.383196,decay,1.383196,0.3,2,58.41,30,48,12.28311
25/01/2019 14:47:19.565,2.385847,intervention,1.385847,decay,1.385847,0.3,2,58.41,30,48,12.28311
25/01/2019 14:47:19.568,2.388506,intervention,1.388506,decay,1.388506,0.3,2,58.41,30,48,12.28311
25/01/2019 14:47:19.571,2.391153,intervention,1.391153,decay,1.391153,0.3,2,58.41,30,48,12.28311
25/01/2019 14:47:19.573,2.393822,intervention,1.393822,decay,1.393822,0.3,2,58.41,30,48,12.28311
25/01/2019 14:47:19.638,2.458014,intervention,1.458014,decay,1.458014,0.27,2,56.19,27,46,12.7551
25/01/2019 14:47:19.641,2.461409,intervention,1.461409,decay,1.461409,0.26,2,55.46,26,45,12.7551
25/01/2019 14:47:19.645,2.465466,intervention,1.465466,decay,1.465466,0.26,2,55.46,26,45,12.7551
25/01/2019 14:47:19.648,2.468212,intervention,1.468212,decay,1.468212,0.26,2,55.46,26,45,12.7551
25/01/2019 14:47:19.651,2.470924,intervention,1.470924,decay,1.470924,0.26,2,55.46,26,45,12.7551
25/01/2019 14:47:19.653,2.473806,intervention,1.473806,decay,1.473806,0.26,2,55.46,26,45,12.7551
25/01/2019 14:47:19.656,2.476576,intervention,1.476576,decay,1.476576,0.26,2,55.46,26,45,12.7551
25/01/2019 14:47:19.659,2.479321,intervention,1.479321,decay,1.479321,0.26,2,55.46,26,45,12.7551
25/01/2019 14:47:19.662,2.482622,intervention,1.482622,decay,1.482622,0.25,2,54.72,25,45,12.7551
25/01/2019 14:47:19.724,2.543943,intervention,1.543943,decay,1.543943,0.22,2,52.51,22,43,12.1454
25/01/2019 14:47:19.726,2.54698,intervention,1.54698,decay,1.54698,0.22,2,52.51,22,43,12.1454
25/01/2019 14:47:19.729,2.549772,intervention,1.549772,decay,1.549772,0.22,2,52.51,22,43,12.1454
25/01/2019 14:47:19.732,2.55245,intervention,1.55245,decay,1.55245,0.22,2,52.51,22,43,12.1454
25/01/2019 14:47:19.735,2.555033,intervention,1.555033,decay,1.555033,0.22,2,52.51,22,43,12.1454
25/01/2019 14:47:19.737,2.557835,intervention,1.557835,decay,1.557835,0.22,2,52.51,22,43,12.1454
25/01/2019 14:47:19.740,2.560476,intervention,1.560476,decay,1.560476,0.21,2,51.77,21,42,12.1454
25/01/2019 14:47:19.743,2.563246,intervention,1.563246,decay,1.563246,0.21,2,51.77,21,42,12.1454
25/01/2019 14:47:19.804,2.623911,intervention,1.623911,decay,1.623911,0.18,2,49.56,18,40,11.82205
25/01/2019 14:47:19.807,2.627407,intervention,1.627407,decay,1.627407,0.18,2,49.56,18,40,11.82205
25/01/2019 14:47:19.810,2.630184,intervention,1.630184,decay,1.630184,0.18,2,49.56,18,40,11.82205
25/01/2019 14:47:19.812,2.632799,intervention,1.632799,decay,1.632799,0.18,2,49.56,18,40,11.82205
25/01/2019 14:47:19.815,2.635502,intervention,1.635502,decay,1.635502,0.18,2,49.56,18,40,11.82205
25/01/2019 14:47:19.818,2.638214,intervention,1.638214,decay,1.638214,0.18,2,49.56,18,40,11.82205
25/01/2019 14:47:19.821,2.641003,intervention,1.641003,decay,1.641003,0.17,2,48.82,17,40,11.82205
25/01/2019 14:47:19.823,2.6437,intervention,1.6437,decay,1.6437,0.17,2,48.82,17,40,11.82205
25/01/2019 14:47:19.887,2.707014,intervention,1.707014,decay,1.707014,0.14,2,46.61,14,38,12.38264
25/01/2019 14:47:19.890,2.710119,intervention,1.710119,decay,1.710119,0.14,2,46.61,14,38,12.38264
25/01/2019 14:47:19.892,2.71287,intervention,1.71287,decay,1.71287,0.14,2,46.61,14,38,12.38264
25/01/2019 14:47:19.895,2.715628,intervention,1.715628,decay,1.715628,0.14,2,46.61,14,38,12.38264
25/01/2019 14:47:19.898,2.718353,intervention,1.718353,decay,1.718353,0.14,2,46.61,14,38,12.38264
25/01/2019 14:47:19.901,2.721121,intervention,1.721121,decay,1.721121,0.13,2,45.88,13,37,12.38264
25/01/2019 14:47:19.903,2.723894,intervention,1.723894,decay,1.723894,0.13,2,45.88,13,37,12.38264
25/01/2019 14:47:19.906,2.72661,intervention,1.72661,decay,1.72661,0.13,2,45.88,13,37,12.38264
25/01/2019 14:47:19.909,2.729303,intervention,1.729303,decay,1.729303,0.13,2,45.88,13,37,12.38264
25/01/2019 14:47:19.970,2.789696,intervention,1.789696,decay,1.789696,0.1,2,43.67,10,36,12.00536
25/01/2019 14:47:19.973,2.792694,intervention,1.792694,decay,1.792694,0.1,2,43.67,10,36,12.00536
25/01/2019 14:47:19.975,2.795364,intervention,1.795364,decay,1.795364,0.1,2,43.67,10,36,12.00536
25/01/2019 14:47:19.978,2.798159,intervention,1.798159,decay,1.798159,0.1,2,43.67,10,36,12.00536
25/01/2019 14:47:19.981,2.800837,intervention,1.800837,decay,1.800837,0.09,2,42.93,9,35,12.00536
25/01/2019 14:47:19.984,2.803574,intervention,1.803574,decay,1.803574,0.09,2,42.93,9,35,12.00536
25/01/2019 14:47:19.986,2.806219,intervention,1.806219,decay,1.806219,0.09,2,42.93,9,35,12.00536
25/01/2019 14:47:19.989,2.808935,intervention,1.808935,decay,1.808935,0.09,2,42.93,9,35,12.00536
25/01/2019 14:47:20.054,2.873428,intervention,1.873428,decay,1.873428,0.06,2,40.72,6,33,12.29374
25/01/2019 14:47:20.057,2.876522,intervention,1.876522,decay,1.876522,0.06,2,40.72,6,33,12.29374
25/01/2019 14:47:20.059,2.879128,intervention,1.879128,decay,1.879128,0.06,2,40.72,6,33,12.29374
25/01/2019 14:47:20.063,2.883036,intervention,1.883036,decay,1.883036,0.05,2,39.98,5,33,12.29374
25/01/2019 14:47:20.066,2.885735,intervention,1.885735,decay,1.885735,0.05,2,39.98,5,33,12.29374
25/01/2019 14:47:20.069,2.888468,intervention,1.888468,decay,1.888468,0.05,2,39.98,5,33,12.29374
25/01/2019 14:47:20.071,2.89139,intervention,1.89139,decay,1.89139,0.05,2,39.98,5,33,12.29374
25/01/2019 14:47:20.074,2.894073,intervention,1.894073,decay,1.894073,0.05,2,39.98,5,33,12.29374
25/01/2019 14:47:20.143,2.962936,intervention,1.962936,decay,1.962936,0.01,2,37.03,1,30,11.88158
25/01/2019 14:47:20.146,2.966049,intervention,1.966049,decay,1.966049,0.01,2,37.03,1,30,11.88158
25/01/2019 14:47:20.149,2.968857,intervention,1.968857,decay,1.968857,0.01,2,37.03,1,30,11.88158
25/01/2019 14:47:20.152,2.971479,intervention,1.971479,decay,1.971479,0.01,2,37.03,1,30,11.88158
25/01/2019 14:47:20.154,2.974194,intervention,1.974194,decay,1.974194,0.01,2,37.03,1,30,11.88158
25/01/2019 14:47:20.157,2.976669,intervention,1.976669,decay,1.976669,0.01,2,37.03,1,30,11.88158
25/01/2019 14:47:20.160,2.979527,intervention,1.979527,decay,1.979527,0.01,2,37.03,1,30,11.88158
25/01/2019 14:47:20.163,2.982601,intervention,1.982601,decay,1.982601,0,1,36.3,0,30,11.88158
25/01/2019 14:47:20.166,2.985653,intervention,1.985653,decay,1.985653,0,1,36.3,0,30,11.88158
25/01/2019 14:47:20.223,3.042759,intervention,2.042759,sustain low,0.04275894,0,1,36.3,0,30,11.08497
25/01/2019 14:47:20.226,3.045883,intervention,2.045883,sustain low,0.04588318,0,1,36.3,0,30,11.08497
25/01/2019 14:47:20.229,3.048578,intervention,2.048578,sustain low,0.04857826,0,1,36.3,0,30,11.08497
25/01/2019 14:47:20.232,3.051336,intervention,2.051336,sustain low,0.05133629,0,1,36.3,0,30,11.08497
25/01/2019 14:47:20.234,3.054173,intervention,2.054173,sustain low,0.05417252,0,1,36.3,0,30,11.08497
25/01/2019 14:47:20.237,3.056803,intervention,2.056803,sustain low,0.05680275,0,1,36.3,0,30,11.08497
25/01/2019 14:47:20.240,3.059622,intervention,2.059622,sustain low,0.05962181,0,1,36.3,0,30,11.08497
25/01/2019 14:47:20.243,3.062511,intervention,2.062511,sustain low,0.06251144,0,1,36.3,0,30,11.08497
25/01/2019 14:47:20.300,3.119478,intervention,2.119478,sustain low,0.1194782,0,1,36.3,0,30,12.54115
25/01/2019 14:47:20.303,3.122915,intervention,2.122915,sustain low,0.1229153,0,1,36.3,0,30,12.54115
25/01/2019 14:47:20.306,3.125536,intervention,2.125536,sustain low,0.125536,0,1,36.3,0,30,12.54115
25/01/2019 14:47:20.309,3.128363,intervention,2.128363,sustain low,0.1283627,0,1,36.3,0,30,12.54115
25/01/2019 14:47:20.312,3.131098,intervention,2.131098,sustain low,0.1310978,0,1,36.3,0,30,12.54115
25/01/2019 14:47:20.315,3.134428,intervention,2.134428,sustain low,0.134428,0,1,36.3,0,30,12.54115
25/01/2019 14:47:20.317,3.137226,intervention,2.137226,sustain low,0.1372261,0,1,36.3,0,30,12.54115
25/01/2019 14:47:20.320,3.139879,intervention,2.139879,sustain low,0.1398792,0,1,36.3,0,30,12.54115
25/01/2019 14:47:20.380,3.199635,intervention,2.199635,sustain low,0.1996346,0,1,36.3,0,30,13.00285
25/01/2019 14:47:20.383,3.202667,intervention,2.202667,sustain low,0.2026672,0,1,36.3,0,30,13.00285
25/01/2019 14:47:20.386,3.205452,intervention,2.205452,sustain low,0.205452,0,1,36.3,0,30,13.00285
25/01/2019 14:47:20.389,3.208216,intervention,2.208216,sustain low,0.2082157,0,1,36.3,0,30,13.00285
25/01/2019 14:47:20.391,3.210968,intervention,2.210968,sustain low,0.210968,0,1,36.3,0,30,13.00285
25/01/2019 14:47:20.394,3.213625,intervention,2.213625,sustain low,0.213625,0,1,36.3,0,30,13.00285
25/01/2019 14:47:20.397,3.216349,intervention,2.216349,sustain low,0.2163486,0,1,36.3,0,30,13.00285
25/01/2019 14:47:20.400,3.219278,intervention,2.219278,sustain low,0.2192783,0,1,36.3,0,30,13.00285
25/01/2019 14:47:20.458,3.276918,intervention,2.276918,sustain low,0.2769184,0,1,36.3,0,30,12.57749
25/01/2019 14:47:20.460,3.280039,intervention,2.280039,sustain low,0.2800388,0,1,36.3,0,30,12.57749
25/01/2019 14:47:20.463,3.282698,intervention,2.282698,sustain low,0.2826977,0,1,36.3,0,30,12.57749
25/01/2019 14:47:20.466,3.285606,intervention,2.285606,sustain low,0.2856064,0,1,36.3,0,30,12.57749
25/01/2019 14:47:20.469,3.288546,intervention,2.288546,sustain low,0.2885456,0,1,36.3,0,30,12.57749
25/01/2019 14:47:20.472,3.291218,intervention,2.291218,sustain low,0.2912178,0,1,36.3,0,30,12.57749
25/01/2019 14:47:20.474,3.293818,intervention,2.293818,sustain low,0.2938175,0,1,36.3,0,30,12.57749
25/01/2019 14:47:20.532,3.350847,intervention,2.350847,sustain low,0.3508472,0,1,36.3,0,30,12.96976
25/01/2019 14:47:20.535,3.35416,intervention,2.35416,sustain low,0.3541603,0,1,36.3,0,30,12.96976
25/01/2019 14:47:20.537,3.356874,intervention,2.356874,sustain low,0.3568745,0,1,36.3,0,30,12.96976
25/01/2019 14:47:20.540,3.359697,intervention,2.359697,sustain low,0.3596973,0,1,36.3,0,30,12.96976
25/01/2019 14:47:20.543,3.362659,intervention,2.362659,sustain low,0.3626595,0,1,36.3,0,30,12.96976
25/01/2019 14:47:20.546,3.365625,intervention,2.365625,sustain low,0.3656254,0,1,36.3,0,30,12.96976
25/01/2019 14:47:20.549,3.36845,intervention,2.36845,sustain low,0.3684502,0,1,36.3,0,30,12.96976
25/01/2019 14:47:20.552,3.371168,intervention,2.371168,sustain low,0.3711681,0,1,36.3,0,30,12.96976
25/01/2019 14:47:20.612,3.432667,intervention,2.432667,sustain low,0.4326668,0,1,36.3,0,30,13.28754
25/01/2019 14:47:20.615,3.435701,intervention,2.435701,sustain low,0.4357014,0,1,36.3,0,30,13.28754
25/01/2019 14:47:20.619,3.438549,intervention,2.438549,sustain low,0.438549,0,1,36.3,0,30,13.28754
25/01/2019 14:47:20.621,3.441278,intervention,2.441278,sustain low,0.4412785,0,1,36.3,0,30,13.28754
25/01/2019 14:47:20.623,3.443989,intervention,2.443989,sustain low,0.4439888,0,1,36.3,0,30,13.28754
25/01/2019 14:47:20.626,3.44663,intervention,2.44663,sustain low,0.4466305,0,1,36.3,0,30,13.28754
25/01/2019 14:47:20.629,3.449453,intervention,2.449453,sustain low,0.4494534,0,1,36.3,0,30,13.28754
25/01/2019 14:47:20.633,3.452288,intervention,2.452288,sustain low,0.4522877,0,1,36.3,0,30,13.28754
25/01/2019 14:47:20.689,3.509291,intervention,2.509291,sustain low,0.5092907,0,1,36.3,0,30,12.36036
25/01/2019 14:47:20.692,3.512535,intervention,2.512535,sustain low,0.5125351,0,1,36.3,0,30,12.36036
25/01/2019 14:47:20.695,3.515274,intervention,2.515274,sustain low,0.515274,0,1,36.3,0,30,12.36036
25/01/2019 14:47:20.697,3.517981,intervention,2.517981,sustain low,0.5179806,0,1,36.3,0,30,12.36036
25/01/2019 14:47:20.700,3.520607,intervention,2.520607,sustain low,0.520607,0,1,36.3,0,30,12.36036
25/01/2019 14:47:20.703,3.523333,intervention,2.523333,sustain low,0.5233326,0,1,36.3,0,30,12.36036
25/01/2019 14:47:20.705,3.526012,intervention,2.526012,sustain low,0.5260124,0,1,36.3,0,30,12.36036
25/01/2019 14:47:20.708,3.528688,intervention,2.528688,sustain low,0.5286884,0,1,36.3,0,30,12.36036
25/01/2019 14:47:20.766,3.586359,intervention,2.586359,sustain low,0.586359,0,1,36.3,0,30,13.02801
25/01/2019 14:47:20.769,3.589317,intervention,2.589317,sustain low,0.5893173,0,1,36.3,0,30,13.02801
25/01/2019 14:47:20.771,3.591967,intervention,2.591967,sustain low,0.5919666,0,1,36.3,0,30,13.02801
25/01/2019 14:47:20.774,3.594631,intervention,2.594631,sustain low,0.5946312,0,1,36.3,0,30,13.02801
25/01/2019 14:47:20.777,3.597383,intervention,2.597383,sustain low,0.5973835,0,1,36.3,0,30,13.02801
25/01/2019 14:47:20.780,3.600239,intervention,2.600239,sustain low,0.6002388,0,1,36.3,0,30,13.02801
25/01/2019 14:47:20.783,3.603037,intervention,2.603037,sustain low,0.6030369,0,1,36.3,0,30,13.02801
25/01/2019 14:47:20.843,3.663313,intervention,2.663313,sustain low,0.6633129,0,1,36.3,0,30,13.06855
25/01/2019 14:47:20.846,3.666565,intervention,2.666565,sustain low,0.6665649,0,1,36.3,0,30,13.06855
25/01/2019 14:47:20.849,3.669327,intervention,2.669327,sustain low,0.6693268,0,1,36.3,0,30,13.06855
25/01/2019 14:47:20.852,3.671991,intervention,2.671991,sustain low,0.6719913,0,1,36.3,0,30,13.06855
25/01/2019 14:47:20.854,3.674667,intervention,2.674667,sustain low,0.6746674,0,1,36.3,0,30,13.06855
25/01/2019 14:47:20.857,3.677271,intervention,2.677271,sustain low,0.6772709,0,1,36.3,0,30,13.06855
25/01/2019 14:47:20.860,3.680082,intervention,2.680082,sustain low,0.6800823,0,1,36.3,0,30,13.06855
25/01/2019 14:47:20.863,3.682871,intervention,2.682871,sustain low,0.6828709,0,1,36.3,0,30,13.06855
25/01/2019 14:47:20.921,3.740582,intervention,2.740582,sustain low,0.7405815,0,1,36.3,0,30,12.7873
25/01/2019 14:47:20.924,3.743727,intervention,2.743727,sustain low,0.7437267,0,1,36.3,0,30,12.7873
25/01/2019 14:47:20.927,3.746305,intervention,2.746305,sustain low,0.7463055,0,1,36.3,0,30,12.7873
25/01/2019 14:47:20.929,3.749277,intervention,2.749277,sustain low,0.7492771,0,1,36.3,0,30,12.7873
25/01/2019 14:47:20.932,3.752005,intervention,2.752005,sustain low,0.7520046,0,1,36.3,0,30,12.7873
25/01/2019 14:47:20.935,3.754692,intervention,2.754692,sustain low,0.7546921,0,1,36.3,0,30,12.7873
25/01/2019 14:47:20.938,3.757599,intervention,2.757599,sustain low,0.7575989,0,1,36.3,0,30,12.7873
25/01/2019 14:47:20.941,3.760733,intervention,2.760733,sustain low,0.7607327,0,1,36.3,0,30,12.7873
25/01/2019 14:47:20.998,3.817858,intervention,2.817858,sustain low,0.8178577,0,1,36.3,0,30,13.02148
25/01/2019 14:47:21.001,3.820953,intervention,2.820953,sustain low,0.8209534,0,1,36.3,0,30,13.02148
25/01/2019 14:47:21.004,3.823738,intervention,2.823738,sustain low,0.8237381,0,1,36.3,0,30,13.02148
25/01/2019 14:47:21.007,3.82637,intervention,2.82637,sustain low,0.8263702,0,1,36.3,0,30,13.02148
25/01/2019 14:47:21.009,3.829159,intervention,2.829159,sustain low,0.8291588,0,1,36.3,0,30,13.02148
25/01/2019 14:47:21.012,3.832037,intervention,2.832037,sustain low,0.832037,0,1,36.3,0,30,13.02148
25/01/2019 14:47:21.015,3.834869,intervention,2.834869,sustain low,0.8348694,0,1,36.3,0,30,13.02148
25/01/2019 14:47:21.018,3.837662,intervention,2.837662,sustain low,0.8376617,0,1,36.3,0,30,13.02148
25/01/2019 14:47:21.079,3.898989,intervention,2.898989,sustain low,0.8989887,0,1,36.3,0,30,13.0082
25/01/2019 14:47:21.082,3.901859,intervention,2.901859,sustain low,0.9018593,0,1,36.3,0,30,13.0082
25/01/2019 14:47:21.085,3.904682,intervention,2.904682,sustain low,0.9046822,0,1,36.3,0,30,13.0082
25/01/2019 14:47:21.088,3.907448,intervention,2.907448,sustain low,0.9074478,0,1,36.3,0,30,13.0082
25/01/2019 14:47:21.090,3.910194,intervention,2.910194,sustain low,0.9101944,0,1,36.3,0,30,13.0082
25/01/2019 14:47:21.093,3.912943,intervention,2.912943,sustain low,0.9129429,0,1,36.3,0,30,13.0082
25/01/2019 14:47:21.096,3.915665,intervention,2.915665,sustain low,0.9156647,0,1,36.3,0,30,13.0082
25/01/2019 14:47:21.099,3.91839,intervention,2.91839,sustain low,0.9183903,0,1,36.3,0,30,13.0082
25/01/2019 14:47:21.163,3.982327,intervention,2.982327,sustain low,0.9823265,0,1,36.3,0,30,12.42929
25/01/2019 14:47:21.166,3.985338,intervention,2.985338,sustain low,0.9853382,0,1,36.3,0,30,12.42929
25/01/2019 14:47:21.168,3.988205,intervention,2.988205,sustain low,0.988205,0,1,36.3,0,30,12.42929
25/01/2019 14:47:21.171,3.990875,intervention,2.990875,sustain low,0.9908752,0,1,36.3,0,30,12.42929
25/01/2019 14:47:21.174,3.993505,intervention,2.993505,sustain low,0.9935055,0,1,36.3,0,30,12.42929
25/01/2019 14:47:21.176,3.99621,intervention,2.99621,sustain low,0.9962101,0,1,36.3,0,30,12.42929
25/01/2019 14:47:21.179,3.998802,intervention,2.998802,sustain low,0.9988022,0,1,36.3,0,30,12.42929
25/01/2019 14:47:21.182,4.0016,intervention,3.0016,sustain low,1.0016,0,1,36.3,0,30,12.42929
25/01/2019 14:47:21.241,4.059736,intervention,3.059736,sustain low,1.059736,0,1,36.3,0,30,11.97913
25/01/2019 14:47:21.243,4.063124,intervention,3.063124,sustain low,1.063124,0,1,36.3,0,30,11.97913
25/01/2019 14:47:21.246,4.065865,intervention,3.065865,sustain low,1.065865,0,1,36.3,0,30,11.97913
25/01/2019 14:47:21.249,4.068657,intervention,3.068657,sustain low,1.068657,0,1,36.3,0,30,11.97913
25/01/2019 14:47:21.252,4.071426,intervention,3.071426,sustain low,1.071426,0,1,36.3,0,30,11.97913
25/01/2019 14:47:21.254,4.07402,intervention,3.07402,sustain low,1.07402,0,1,36.3,0,30,11.97913
25/01/2019 14:47:21.257,4.076746,intervention,3.076746,sustain low,1.076746,0,1,36.3,0,30,11.97913
25/01/2019 14:47:21.260,4.079416,intervention,3.079416,sustain low,1.079416,0,1,36.3,0,30,11.97913
25/01/2019 14:47:21.320,4.139421,intervention,3.139421,sustain low,1.139421,0,1,36.3,0,30,12.84474
25/01/2019 14:47:21.323,4.142509,intervention,3.142509,sustain low,1.142509,0,1,36.3,0,30,12.84474
25/01/2019 14:47:21.326,4.145287,intervention,3.145287,sustain low,1.145287,0,1,36.3,0,30,12.84474
25/01/2019 14:47:21.328,4.147961,intervention,3.147961,sustain low,1.147961,0,1,36.3,0,30,12.84474
25/01/2019 14:47:21.331,4.150488,intervention,3.150488,sustain low,1.150488,0,1,36.3,0,30,12.84474
25/01/2019 14:47:21.334,4.153282,intervention,3.153282,sustain low,1.153282,0,1,36.3,0,30,12.84474
25/01/2019 14:47:21.337,4.155979,intervention,3.155979,sustain low,1.155979,0,1,36.3,0,30,12.84474
25/01/2019 14:47:21.340,4.159256,intervention,3.159256,sustain low,1.159256,0,1,36.3,0,30,12.84474
25/01/2019 14:47:21.398,4.21744,intervention,3.21744,sustain low,1.21744,0,1,36.3,0,30,12.59876
25/01/2019 14:47:21.401,4.220524,intervention,3.220524,sustain low,1.220524,0,1,36.3,0,30,12.59876
25/01/2019 14:47:21.404,4.223278,intervention,3.223278,sustain low,1.223278,0,1,36.3,0,30,12.59876
25/01/2019 14:47:21.406,4.225973,intervention,3.225973,sustain low,1.225973,0,1,36.3,0,30,12.59876
25/01/2019 14:47:21.409,4.22875,intervention,3.22875,sustain low,1.22875,0,1,36.3,0,30,12.59876
25/01/2019 14:47:21.412,4.231573,intervention,3.231573,sustain low,1.231573,0,1,36.3,0,30,12.59876
25/01/2019 14:47:21.415,4.234371,intervention,3.234371,sustain low,1.234371,0,1,36.3,0,30,12.59876
25/01/2019 14:47:21.418,4.237268,intervention,3.237268,sustain low,1.237268,0,1,36.3,0,30,12.59876
25/01/2019 14:47:21.480,4.29954,intervention,3.29954,sustain low,1.29954,0,1,36.3,0,30,12.82579
25/01/2019 14:47:21.483,4.302639,intervention,3.302639,sustain low,1.302639,0,1,36.3,0,30,12.82579
25/01/2019 14:47:21.486,4.305326,intervention,3.305326,sustain low,1.305326,0,1,36.3,0,30,12.82579
25/01/2019 14:47:21.488,4.308077,intervention,3.308077,sustain low,1.308077,0,1,36.3,0,30,12.82579
25/01/2019 14:47:21.491,4.310772,intervention,3.310772,sustain low,1.310772,0,1,36.3,0,30,12.82579
25/01/2019 14:47:21.494,4.313478,intervention,3.313478,sustain low,1.313478,0,1,36.3,0,30,12.82579
25/01/2019 14:47:21.496,4.316099,intervention,3.316099,sustain low,1.316099,0,1,36.3,0,30,12.82579
25/01/2019 14:47:21.499,4.318703,intervention,3.318703,sustain low,1.318703,0,1,36.3,0,30,12.82579
25/01/2019 14:47:21.561,4.380507,intervention,3.380507,sustain low,1.380507,0,1,36.3,0,30,12.23134
25/01/2019 14:47:21.563,4.383804,intervention,3.383804,sustain low,1.383804,0,1,36.3,0,30,12.23134
25/01/2019 14:47:21.566,4.386677,intervention,3.386677,sustain low,1.386677,0,1,36.3,0,30,12.23134
25/01/2019 14:47:21.569,4.389467,intervention,3.389467,sustain low,1.389467,0,1,36.3,0,30,12.23134
25/01/2019 14:47:21.573,4.392113,intervention,3.392113,sustain low,1.392113,0,1,36.3,0,30,12.23134
25/01/2019 14:47:21.575,4.395102,intervention,3.395102,sustain low,1.395102,0,1,36.3,0,30,12.23134
25/01/2019 14:47:21.578,4.397964,intervention,3.397964,sustain low,1.397964,0,1,36.3,0,30,12.23134
25/01/2019 14:47:21.580,4.400812,intervention,3.400812,sustain low,1.400812,0,1,36.3,0,30,12.23134
25/01/2019 14:47:21.639,4.458868,intervention,3.458868,sustain low,1.458868,0,1,36.3,0,30,12.31013
25/01/2019 14:47:21.642,4.462112,intervention,3.462112,sustain low,1.462112,0,1,36.3,0,30,12.31013
25/01/2019 14:47:21.644,4.46487,intervention,3.46487,sustain low,1.46487,0,1,36.3,0,30,12.31013
25/01/2019 14:47:21.647,4.467627,intervention,3.467627,sustain low,1.467627,0,1,36.3,0,30,12.31013
25/01/2019 14:47:21.650,4.470322,intervention,3.470322,sustain low,1.470322,0,1,36.3,0,30,12.31013
25/01/2019 14:47:21.653,4.473057,intervention,3.473057,sustain low,1.473057,0,1,36.3,0,30,12.31013
25/01/2019 14:47:21.655,4.475769,intervention,3.475769,sustain low,1.475769,0,1,36.3,0,30,12.31013
25/01/2019 14:47:21.658,4.478451,intervention,3.478451,sustain low,1.478451,0,1,36.3,0,30,12.31013
25/01/2019 14:47:21.717,4.536613,intervention,3.536613,sustain low,1.536613,0,1,36.3,0,30,12.73162
25/01/2019 14:47:21.720,4.539593,intervention,3.539593,sustain low,1.539593,0,1,36.3,0,30,12.73162
25/01/2019 14:47:21.722,4.54237,intervention,3.54237,sustain low,1.54237,0,1,36.3,0,30,12.73162
25/01/2019 14:47:21.725,4.544981,intervention,3.544981,sustain low,1.544981,0,1,36.3,0,30,12.73162
25/01/2019 14:47:21.727,4.547512,intervention,3.547512,sustain low,1.547512,0,1,36.3,0,30,12.73162
25/01/2019 14:47:21.730,4.550291,intervention,3.550291,sustain low,1.550291,0,1,36.3,0,30,12.73162
25/01/2019 14:47:21.733,4.553093,intervention,3.553093,sustain low,1.553093,0,1,36.3,0,30,12.73162
25/01/2019 14:47:21.794,4.613041,intervention,3.613041,sustain low,1.613041,0,1,36.3,0,30,12.89885
25/01/2019 14:47:21.797,4.616562,intervention,3.616562,sustain low,1.616562,0,1,36.3,0,30,12.89885
25/01/2019 14:47:21.799,4.619368,intervention,3.619368,sustain low,1.619368,0,1,36.3,0,30,12.89885
25/01/2019 14:47:21.802,4.622198,intervention,3.622198,sustain low,1.622198,0,1,36.3,0,30,12.89885
25/01/2019 14:47:21.805,4.624836,intervention,3.624836,sustain low,1.624836,0,1,36.3,0,30,12.89885
25/01/2019 14:47:21.808,4.627653,intervention,3.627653,sustain low,1.627653,0,1,36.3,0,30,12.89885
25/01/2019 14:47:21.810,4.63036,intervention,3.63036,sustain low,1.63036,0,1,36.3,0,30,12.89885
25/01/2019 14:47:21.813,4.633053,intervention,3.633053,sustain low,1.633053,0,1,36.3,0,30,12.89885
25/01/2019 14:47:21.872,4.691393,intervention,3.691393,sustain low,1.691393,0,1,36.3,0,30,12.83915
25/01/2019 14:47:21.875,4.694521,intervention,3.694521,sustain low,1.694521,0,1,36.3,0,30,12.83915
25/01/2019 14:47:21.877,4.697195,intervention,3.697195,sustain low,1.697195,0,1,36.3,0,30,12.83915
25/01/2019 14:47:21.880,4.6998,intervention,3.6998,sustain low,1.6998,0,1,36.3,0,30,12.83915
25/01/2019 14:47:21.882,4.70248,intervention,3.70248,sustain low,1.70248,0,1,36.3,0,30,12.83915
25/01/2019 14:47:21.885,4.705175,intervention,3.705175,sustain low,1.705175,0,1,36.3,0,30,12.83915
25/01/2019 14:47:21.888,4.708069,intervention,3.708069,sustain low,1.708069,0,1,36.3,0,30,12.83915
25/01/2019 14:47:21.891,4.710751,intervention,3.710751,sustain low,1.710751,0,1,36.3,0,30,12.83915
25/01/2019 14:47:21.950,4.7689,intervention,3.7689,sustain low,1.7689,0,1,36.3,0,30,12.8254
25/01/2019 14:47:21.952,4.772078,intervention,3.772078,sustain low,1.772078,0,1,36.3,0,30,12.8254
25/01/2019 14:47:21.955,4.774897,intervention,3.774897,sustain low,1.774897,0,1,36.3,0,30,12.8254
25/01/2019 14:47:21.958,4.777596,intervention,3.777596,sustain low,1.777596,0,1,36.3,0,30,12.8254
25/01/2019 14:47:21.960,4.780338,intervention,3.780338,sustain low,1.780338,0,1,36.3,0,30,12.8254
25/01/2019 14:47:21.963,4.783066,intervention,3.783066,sustain low,1.783066,0,1,36.3,0,30,12.8254
25/01/2019 14:47:21.966,4.78586,intervention,3.78586,sustain low,1.78586,0,1,36.3,0,30,12.8254
25/01/2019 14:47:21.969,4.788692,intervention,3.788692,sustain low,1.788692,0,1,36.3,0,30,12.8254
25/01/2019 14:47:22.030,4.849386,intervention,3.849386,sustain low,1.849386,0,1,36.3,0,30,12.94922
25/01/2019 14:47:22.033,4.852491,intervention,3.852491,sustain low,1.852491,0,1,36.3,0,30,12.94922
25/01/2019 14:47:22.035,4.855221,intervention,3.855221,sustain low,1.855221,0,1,36.3,0,30,12.94922
25/01/2019 14:47:22.038,4.857988,intervention,3.857988,sustain low,1.857988,0,1,36.3,0,30,12.94922
25/01/2019 14:47:22.041,4.860918,intervention,3.860918,sustain low,1.860918,0,1,36.3,0,30,12.94922
25/01/2019 14:47:22.044,4.863787,intervention,3.863787,sustain low,1.863787,0,1,36.3,0,30,12.94922
25/01/2019 14:47:22.047,4.86664,intervention,3.86664,sustain low,1.86664,0,1,36.3,0,30,12.94922
25/01/2019 14:47:22.050,4.869814,intervention,3.869814,sustain low,1.869814,0,1,36.3,0,30,12.94922
25/01/2019 14:47:22.108,4.927782,intervention,3.927782,sustain low,1.927782,0,1,36.3,0,30,12.5221
25/01/2019 14:47:22.111,4.930838,intervention,3.930838,sustain low,1.930838,0,1,36.3,0,30,12.5221
25/01/2019 14:47:22.114,4.933567,intervention,3.933567,sustain low,1.933567,0,1,36.3,0,30,12.5221
25/01/2019 14:47:22.116,4.936319,intervention,3.936319,sustain low,1.936319,0,1,36.3,0,30,12.5221
25/01/2019 14:47:22.119,4.938921,intervention,3.938921,sustain low,1.938921,0,1,36.3,0,30,12.5221
25/01/2019 14:47:22.122,4.94183,intervention,3.94183,sustain low,1.94183,0,1,36.3,0,30,12.5221
25/01/2019 14:47:22.125,4.944637,intervention,3.944637,sustain low,1.944637,0,1,36.3,0,30,12.5221
25/01/2019 14:47:22.127,4.947306,intervention,3.947306,sustain low,1.947306,0,1,36.3,0,30,12.5221
25/01/2019 14:47:22.188,5.007496,intervention,4.007496,attack,0.00749588,0,1,36.3,0,30,12.77475
25/01/2019 14:47:22.191,5.010538,intervention,4.010538,attack,0.0105381,0,1,36.3,0,30,12.77475
25/01/2019 14:47:22.193,5.013294,intervention,4.013294,attack,0.01329422,0,1,36.3,0,30,12.77475
25/01/2019 14:47:22.196,5.016232,intervention,4.016232,attack,0.01623154,0,1,36.3,0,30,12.77475
25/01/2019 14:47:22.199,5.018936,intervention,4.018936,attack,0.01893616,0,1,36.3,0,30,12.77475
25/01/2019 14:47:22.202,5.021599,intervention,4.021599,attack,0.02159882,0.01,2,37.03,1,30,12.77475
25/01/2019 14:47:22.205,5.024492,intervention,4.024492,attack,0.02449226,0.01,2,37.03,1,30,12.77475
25/01/2019 14:47:22.266,5.085176,intervention,4.085176,attack,0.08517647,0.04,2,39.24,4,32,12.58805
25/01/2019 14:47:22.269,5.088682,intervention,4.088682,attack,0.08868217,0.04,2,39.24,4,32,12.58805
25/01/2019 14:47:22.272,5.091402,intervention,4.091402,attack,0.09140205,0.04,2,39.24,4,32,12.58805
25/01/2019 14:47:22.274,5.093958,intervention,4.093958,attack,0.0939579,0.04,2,39.24,4,32,12.58805
25/01/2019 14:47:22.277,5.096575,intervention,4.096575,attack,0.09657478,0.04,2,39.24,4,32,12.58805
25/01/2019 14:47:22.279,5.099239,intervention,4.099239,attack,0.09923935,0.04,2,39.24,4,32,12.58805
25/01/2019 14:47:22.282,5.101807,intervention,4.101807,attack,0.1018066,0.05,2,39.98,5,33,12.58805
25/01/2019 14:47:22.285,5.104589,intervention,4.104589,attack,0.1045895,0.05,2,39.98,5,33,12.58805
25/01/2019 14:47:22.348,5.166769,intervention,4.166769,attack,0.166769,0.08,2,42.19,8,34,12.59793
25/01/2019 14:47:22.350,5.170109,intervention,4.170109,attack,0.1701088,0.08,2,42.19,8,34,12.59793
25/01/2019 14:47:22.353,5.172865,intervention,4.172865,attack,0.1728649,0.08,2,42.19,8,34,12.59793
25/01/2019 14:47:22.356,5.175581,intervention,4.175581,attack,0.175581,0.08,2,42.19,8,34,12.59793
25/01/2019 14:47:22.359,5.178545,intervention,4.178545,attack,0.178545,0.08,2,42.19,8,34,12.59793
25/01/2019 14:47:22.361,5.181154,intervention,4.181154,attack,0.1811543,0.09,2,42.93,9,35,12.59793
25/01/2019 14:47:22.364,5.183947,intervention,4.183947,attack,0.1839466,0.09,2,42.93,9,35,12.59793
25/01/2019 14:47:22.367,5.186676,intervention,4.186676,attack,0.186676,0.09,2,42.93,9,35,12.59793
25/01/2019 14:47:22.370,5.189432,intervention,4.189432,attack,0.1894321,0.09,2,42.93,9,35,12.59793
25/01/2019 14:47:22.429,5.248169,intervention,4.248169,attack,0.2481689,0.12,2,45.14,12,37,12.26183
25/01/2019 14:47:22.432,5.251131,intervention,4.251131,attack,0.2511311,0.12,2,45.14,12,37,12.26183
25/01/2019 14:47:22.434,5.253984,intervention,4.253984,attack,0.2539845,0.12,2,45.14,12,37,12.26183
25/01/2019 14:47:22.437,5.256723,intervention,4.256723,attack,0.2567234,0.12,2,45.14,12,37,12.26183
25/01/2019 14:47:22.440,5.259405,intervention,4.259405,attack,0.2594051,0.12,2,45.14,12,37,12.26183
25/01/2019 14:47:22.442,5.262079,intervention,4.262079,attack,0.2620792,0.13,2,45.88,13,37,12.26183
25/01/2019 14:47:22.445,5.264748,intervention,4.264748,attack,0.2647476,0.13,2,45.88,13,37,12.26183
25/01/2019 14:47:22.448,5.267363,intervention,4.267363,attack,0.2673626,0.13,2,45.88,13,37,12.26183
25/01/2019 14:47:22.510,5.329775,intervention,4.329775,attack,0.3297749,0.16,2,48.09,16,39,12.59428
25/01/2019 14:47:22.513,5.332705,intervention,4.332705,attack,0.3327045,0.16,2,48.09,16,39,12.59428
25/01/2019 14:47:22.516,5.335779,intervention,4.335779,attack,0.3357792,0.16,2,48.09,16,39,12.59428
25/01/2019 14:47:22.519,5.338503,intervention,4.338503,attack,0.3385029,0.16,2,48.09,16,39,12.59428
25/01/2019 14:47:22.520,5.341089,intervention,4.341089,attack,0.3410892,0.17,2,48.82,17,40,12.59428
25/01/2019 14:47:22.523,5.34379,intervention,4.34379,attack,0.3437901,0.17,2,48.82,17,40,12.59428
25/01/2019 14:47:22.526,5.346817,intervention,4.346817,attack,0.346817,0.17,2,48.82,17,40,12.59428
25/01/2019 14:47:22.529,5.349632,intervention,4.349632,attack,0.3496323,0.17,2,48.82,17,40,12.59428
25/01/2019 14:47:22.589,5.408689,intervention,4.408689,attack,0.4086895,0.2,2,51.04,20,42,12.2104
25/01/2019 14:47:22.591,5.411915,intervention,4.411915,attack,0.4119148,0.2,2,51.04,20,42,12.2104
25/01/2019 14:47:22.594,5.414795,intervention,4.414795,attack,0.4147949,0.2,2,51.04,20,42,12.2104
25/01/2019 14:47:22.597,5.417465,intervention,4.417465,attack,0.4174652,0.2,2,51.04,20,42,12.2104
25/01/2019 14:47:22.600,5.420254,intervention,4.420254,attack,0.4202538,0.21,2,51.77,21,42,12.2104
25/01/2019 14:47:22.602,5.423006,intervention,4.423006,attack,0.4230061,0.21,2,51.77,21,42,12.2104
25/01/2019 14:47:22.605,5.425684,intervention,4.425684,attack,0.425684,0.21,2,51.77,21,42,12.2104
25/01/2019 14:47:22.608,5.42853,intervention,4.42853,attack,0.4285297,0.21,2,51.77,21,42,12.2104
25/01/2019 14:47:22.668,5.488239,intervention,4.488239,attack,0.4882393,0.24,2,53.98,24,44,12.59893
25/01/2019 14:47:22.671,5.491249,intervention,4.491249,attack,0.4912491,0.24,2,53.98,24,44,12.59893
25/01/2019 14:47:22.674,5.49404,intervention,4.49404,attack,0.4940395,0.24,2,53.98,24,44,12.59893
25/01/2019 14:47:22.677,5.496716,intervention,4.496716,attack,0.4967155,0.24,2,53.98,24,44,12.59893
25/01/2019 14:47:22.680,5.499546,intervention,4.499546,attack,0.4995461,0.24,2,53.98,24,44,12.59893
25/01/2019 14:47:22.682,5.502308,intervention,4.502308,attack,0.5023079,0.25,2,54.72,25,45,12.59893
25/01/2019 14:47:22.685,5.5051,intervention,4.5051,attack,0.5051003,0.25,2,54.72,25,45,12.59893
25/01/2019 14:47:22.688,5.507795,intervention,4.507795,attack,0.5077953,0.25,2,54.72,25,45,12.59893
25/01/2019 14:47:22.750,5.570087,intervention,4.570087,attack,0.5700874,0.28,2,56.93,28,46,12.61889
25/01/2019 14:47:22.753,5.572954,intervention,4.572954,attack,0.5729542,0.28,2,56.93,28,46,12.61889
25/01/2019 14:47:22.756,5.575655,intervention,4.575655,attack,0.575655,0.28,2,56.93,28,46,12.61889
25/01/2019 14:47:22.758,5.578419,intervention,4.578419,attack,0.5784187,0.28,2,56.93,28,46,12.61889
25/01/2019 14:47:22.761,5.581057,intervention,4.581057,attack,0.5810566,0.29,2,57.67,29,47,12.61889
25/01/2019 14:47:22.764,5.583744,intervention,4.583744,attack,0.583744,0.29,2,57.67,29,47,12.61889
25/01/2019 14:47:22.767,5.586594,intervention,4.586594,attack,0.5865936,0.29,2,57.67,29,47,12.61889
25/01/2019 14:47:22.769,5.589407,intervention,4.589407,attack,0.589407,0.29,2,57.67,29,47,12.61889
25/01/2019 14:47:22.829,5.648554,intervention,4.648554,attack,0.6485538,0.32,2,59.88,32,49,12.23938
25/01/2019 14:47:22.832,5.651527,intervention,4.651527,attack,0.6515274,0.32,2,59.88,32,49,12.23938
25/01/2019 14:47:22.834,5.654343,intervention,4.654343,attack,0.6543427,0.32,2,59.88,32,49,12.23938
25/01/2019 14:47:22.837,5.656986,intervention,4.656986,attack,0.6569862,0.32,2,59.88,32,49,12.23938
25/01/2019 14:47:22.841,5.659946,intervention,4.659946,attack,0.6599464,0.32,2,59.88,32,49,12.23938
25/01/2019 14:47:22.843,5.663336,intervention,4.663336,attack,0.6633358,0.33,2,60.62,33,49,12.23938
25/01/2019 14:47:22.847,5.666069,intervention,4.666069,attack,0.666069,0.33,2,60.62,33,49,12.23938
25/01/2019 14:47:22.850,5.669512,intervention,4.669512,attack,0.6695118,0.33,2,60.62,33,49,12.23938
25/01/2019 14:47:22.912,5.731022,intervention,4.731022,attack,0.7310219,0.36,3,62.83,36,51,12.66926
25/01/2019 14:47:22.915,5.734608,intervention,4.734608,attack,0.7346077,0.36,3,62.83,36,51,12.66926
25/01/2019 14:47:22.917,5.737366,intervention,4.737366,attack,0.7373657,0.36,3,62.83,36,51,12.66926
25/01/2019 14:47:22.920,5.740164,intervention,4.740164,attack,0.7401638,0.37,3,63.56,37,52,12.66926
25/01/2019 14:47:22.923,5.742823,intervention,4.742823,attack,0.7428226,0.37,3,63.56,37,52,12.66926
25/01/2019 14:47:22.926,5.745459,intervention,4.745459,attack,0.7454586,0.37,3,63.56,37,52,12.66926
25/01/2019 14:47:22.928,5.748154,intervention,4.748154,attack,0.7481537,0.37,3,63.56,37,52,12.66926
25/01/2019 14:47:22.931,5.750711,intervention,4.750711,attack,0.7507114,0.37,3,63.56,37,52,12.66926
25/01/2019 14:47:22.993,5.812265,intervention,4.812265,attack,0.8122654,0.4,3,65.77,40,54,12.12662
25/01/2019 14:47:22.996,5.815424,intervention,4.815424,attack,0.815424,0.4,3,65.77,40,54,12.12662
25/01/2019 14:47:22.998,5.818178,intervention,4.818178,attack,0.8181782,0.4,3,65.77,40,54,12.12662
25/01/2019 14:47:23.001,5.820772,intervention,4.820772,attack,0.8207722,0.41,3,66.51,41,54,12.12662
25/01/2019 14:47:23.004,5.823536,intervention,4.823536,attack,0.8235359,0.41,3,66.51,41,54,12.12662
25/01/2019 14:47:23.006,5.826277,intervention,4.826277,attack,0.8262768,0.41,3,66.51,41,54,12.12662
25/01/2019 14:47:23.009,5.829018,intervention,4.829018,attack,0.8290176,0.41,3,66.51,41,54,12.12662
25/01/2019 14:47:23.013,5.832426,intervention,4.832426,attack,0.8324261,0.41,3,66.51,41,54,12.12662
25/01/2019 14:47:23.072,5.891632,intervention,4.891632,attack,0.8916321,0.44,3,68.72,44,56,12.3093
25/01/2019 14:47:23.075,5.894726,intervention,4.894726,attack,0.8947258,0.44,3,68.72,44,56,12.3093
25/01/2019 14:47:23.078,5.897514,intervention,4.897514,attack,0.8975143,0.44,3,68.72,44,56,12.3093
25/01/2019 14:47:23.081,5.900349,intervention,4.900349,attack,0.9003487,0.45,3,69.46,45,57,12.3093
25/01/2019 14:47:23.083,5.903059,intervention,4.903059,attack,0.903059,0.45,3,69.46,45,57,12.3093
25/01/2019 14:47:23.086,5.905758,intervention,4.905758,attack,0.9057579,0.45,3,69.46,45,57,12.3093
25/01/2019 14:47:23.089,5.908506,intervention,4.908506,attack,0.9085064,0.45,3,69.46,45,57,12.3093
25/01/2019 14:47:23.091,5.911232,intervention,4.911232,attack,0.911232,0.45,3,69.46,45,57,12.3093
25/01/2019 14:47:23.151,5.970369,intervention,4.970369,attack,0.9703693,0.48,3,71.67,48,58,12.55389
25/01/2019 14:47:23.154,5.973568,intervention,4.973568,attack,0.973568,0.48,3,71.67,48,58,12.55389
25/01/2019 14:47:23.156,5.976156,intervention,4.976156,attack,0.9761562,0.48,3,71.67,48,58,12.55389
25/01/2019 14:47:23.159,5.978727,intervention,4.978727,attack,0.9787273,0.48,3,71.67,48,58,12.55389
25/01/2019 14:47:23.162,5.98148,intervention,4.98148,attack,0.9814796,0.49,3,72.41,49,59,12.55389
25/01/2019 14:47:23.164,5.984211,intervention,4.984211,attack,0.984211,0.49,3,72.41,49,59,12.55389
25/01/2019 14:47:23.167,5.987007,intervention,4.987007,attack,0.9870071,0.49,3,72.41,49,59,12.55389
25/01/2019 14:47:23.170,5.989679,intervention,4.989679,attack,0.9896793,0.49,3,72.41,49,59,12.55389
25/01/2019 14:47:23.233,6.05232,intervention,5.05232,attack,1.05232,0.52,3,74.62,52,61,12.70351
25/01/2019 14:47:23.236,6.055607,intervention,5.055607,attack,1.055607,0.52,3,74.62,52,61,12.70351
25/01/2019 14:47:23.239,6.058405,intervention,5.058405,attack,1.058405,0.52,3,74.62,52,61,12.70351
25/01/2019 14:47:23.241,6.061069,intervention,5.061069,attack,1.061069,0.53,3,75.36,53,61,12.70351
25/01/2019 14:47:23.244,6.063768,intervention,5.063768,attack,1.063768,0.53,3,75.36,53,61,12.70351
25/01/2019 14:47:23.247,6.06666,intervention,5.06666,attack,1.06666,0.53,3,75.36,53,61,12.70351
25/01/2019 14:47:23.250,6.069313,intervention,5.069313,attack,1.069313,0.53,3,75.36,53,61,12.70351
25/01/2019 14:47:23.252,6.071995,intervention,5.071995,attack,1.071995,0.53,3,75.36,53,61,12.70351
25/01/2019 14:47:23.312,6.131254,intervention,5.131254,attack,1.131254,0.56,3,77.57,56,63,12.21422
25/01/2019 14:47:23.315,6.134386,intervention,5.134386,attack,1.134386,0.56,3,77.57,56,63,12.21422
25/01/2019 14:47:23.317,6.137106,intervention,5.137106,attack,1.137106,0.56,3,77.57,56,63,12.21422
25/01/2019 14:47:23.320,6.139811,intervention,5.139811,attack,1.139811,0.56,3,77.57,56,63,12.21422
25/01/2019 14:47:23.323,6.142555,intervention,5.142555,attack,1.142555,0.57,3,78.3,57,64,12.21422
25/01/2019 14:47:23.326,6.145205,intervention,5.145205,attack,1.145205,0.57,3,78.3,57,64,12.21422
25/01/2019 14:47:23.328,6.148031,intervention,5.148031,attack,1.148031,0.57,3,78.3,57,64,12.21422
25/01/2019 14:47:23.331,6.150751,intervention,5.150751,attack,1.150751,0.57,3,78.3,57,64,12.21422
25/01/2019 14:47:23.391,6.210413,intervention,5.210413,attack,1.210413,0.6,3,80.52,60,66,12.6193
25/01/2019 14:47:23.394,6.213869,intervention,5.213869,attack,1.213869,0.6,3,80.52,60,66,12.6193
25/01/2019 14:47:23.397,6.216795,intervention,5.216795,attack,1.216795,0.6,3,80.52,60,66,12.6193
25/01/2019 14:47:23.400,6.219349,intervention,5.219349,attack,1.219349,0.6,3,80.52,60,66,12.6193
25/01/2019 14:47:23.402,6.222042,intervention,5.222042,attack,1.222042,0.61,3,81.25,61,66,12.6193
25/01/2019 14:47:23.405,6.224749,intervention,5.224749,attack,1.224749,0.61,3,81.25,61,66,12.6193
25/01/2019 14:47:23.408,6.227434,intervention,5.227434,attack,1.227434,0.61,3,81.25,61,66,12.6193
25/01/2019 14:47:23.411,6.230255,intervention,5.230255,attack,1.230255,0.61,3,81.25,61,66,12.6193
25/01/2019 14:47:23.474,6.292713,intervention,5.292713,attack,1.292713,0.64,3,83.46,64,68,12.63735
25/01/2019 14:47:23.476,6.295998,intervention,5.295998,attack,1.295998,0.64,3,83.46,64,68,12.63735
25/01/2019 14:47:23.479,6.298786,intervention,5.298786,attack,1.298786,0.64,3,83.46,64,68,12.63735
25/01/2019 14:47:23.482,6.301559,intervention,5.301559,attack,1.301559,0.65,3,84.2,65,69,12.63735
25/01/2019 14:47:23.485,6.304258,intervention,5.304258,attack,1.304258,0.65,3,84.2,65,69,12.63735
25/01/2019 14:47:23.487,6.307055,intervention,5.307055,attack,1.307055,0.65,3,84.2,65,69,12.63735
25/01/2019 14:47:23.490,6.309694,intervention,5.309694,attack,1.309694,0.65,3,84.2,65,69,12.63735
25/01/2019 14:47:23.493,6.312424,intervention,5.312424,attack,1.312424,0.65,3,84.2,65,69,12.63735
25/01/2019 14:47:23.552,6.372416,intervention,5.372416,attack,1.372416,0.68,4,86.41,68,70,12.16777
25/01/2019 14:47:23.555,6.375628,intervention,5.375628,attack,1.375628,0.68,4,86.41,68,70,12.16777
25/01/2019 14:47:23.559,6.378448,intervention,5.378448,attack,1.378448,0.68,4,86.41,68,70,12.16777
25/01/2019 14:47:23.561,6.381363,intervention,5.381363,attack,1.381363,0.69,4,87.15,69,71,12.16777
25/01/2019 14:47:23.564,6.38422,intervention,5.38422,attack,1.38422,0.69,4,87.15,69,71,12.16777
25/01/2019 14:47:23.566,6.386982,intervention,5.386982,attack,1.386982,0.69,4,87.15,69,71,12.16777
25/01/2019 14:47:23.569,6.389648,intervention,5.389648,attack,1.389648,0.69,4,87.15,69,71,12.16777
25/01/2019 14:47:23.572,6.392256,intervention,5.392256,attack,1.392256,0.69,4,87.15,69,71,12.16777
25/01/2019 14:47:23.631,6.451206,intervention,5.451206,attack,1.451206,0.72,4,89.36,72,73,12.55313
25/01/2019 14:47:23.634,6.454525,intervention,5.454525,attack,1.454525,0.72,4,89.36,72,73,12.55313
25/01/2019 14:47:23.637,6.457193,intervention,5.457193,attack,1.457193,0.72,4,89.36,72,73,12.55313
25/01/2019 14:47:23.639,6.459938,intervention,5.459938,attack,1.459938,0.72,4,89.36,72,73,12.55313
25/01/2019 14:47:23.642,6.462664,intervention,5.462664,attack,1.462664,0.73,4,90.1,73,73,12.55313
25/01/2019 14:47:23.645,6.465368,intervention,5.465368,attack,1.465368,0.73,4,90.1,73,73,12.55313
25/01/2019 14:47:23.648,6.468084,intervention,5.468084,attack,1.468084,0.73,4,90.1,73,73,12.55313
25/01/2019 14:47:23.651,6.471247,intervention,5.471247,attack,1.471247,0.73,4,90.1,73,73,12.55313
25/01/2019 14:47:23.714,6.533693,intervention,5.533693,attack,1.533693,0.76,4,92.31,76,75,12.64892
25/01/2019 14:47:23.717,6.536722,intervention,5.536722,attack,1.536722,0.76,4,92.31,76,75,12.64892
25/01/2019 14:47:23.719,6.539431,intervention,5.539431,attack,1.539431,0.76,4,92.31,76,75,12.64892
25/01/2019 14:47:23.722,6.542213,intervention,5.542213,attack,1.542213,0.77,4,93.04,77,76,12.64892
25/01/2019 14:47:23.725,6.544933,intervention,5.544933,attack,1.544933,0.77,4,93.04,77,76,12.64892
25/01/2019 14:47:23.727,6.547623,intervention,5.547623,attack,1.547623,0.77,4,93.04,77,76,12.64892
25/01/2019 14:47:23.730,6.550335,intervention,5.550335,attack,1.550335,0.77,4,93.04,77,76,12.64892
25/01/2019 14:47:23.733,6.552999,intervention,5.552999,attack,1.552999,0.77,4,93.04,77,76,12.64892
25/01/2019 14:47:23.793,6.612734,intervention,5.612734,attack,1.612734,0.8,4,95.26,80,78,12.14513
25/01/2019 14:47:23.796,6.616072,intervention,5.616072,attack,1.616072,0.8,4,95.26,80,78,12.14513
25/01/2019 14:47:23.799,6.618912,intervention,5.618912,attack,1.618912,0.8,4,95.26,80,78,12.14513
25/01/2019 14:47:23.801,6.621563,intervention,5.621563,attack,1.621563,0.81,4,95.99,81,78,12.14513
25/01/2019 14:47:23.804,6.624262,intervention,5.624262,attack,1.624262,0.81,4,95.99,81,78,12.14513
25/01/2019 14:47:23.807,6.627047,intervention,5.627047,attack,1.627047,0.81,4,95.99,81,78,12.14513
25/01/2019 14:47:23.810,6.629814,intervention,5.629814,attack,1.629814,0.81,4,95.99,81,78,12.14513
25/01/2019 14:47:23.812,6.632517,intervention,5.632517,attack,1.632517,0.81,4,95.99,81,78,12.14513
25/01/2019 14:47:23.873,6.692225,intervention,5.692225,attack,1.692225,0.84,4,98.2,84,80,12.61849
25/01/2019 14:47:23.876,6.695606,intervention,5.695606,attack,1.695606,0.84,4,98.2,84,80,12.61849
25/01/2019 14:47:23.878,6.698322,intervention,5.698322,attack,1.698322,0.84,4,98.2,84,80,12.61849
25/01/2019 14:47:23.881,6.701033,intervention,5.701033,attack,1.701033,0.85,4,98.94,85,81,12.61849
25/01/2019 14:47:23.884,6.703825,intervention,5.703825,attack,1.703825,0.85,4,98.94,85,81,12.61849
25/01/2019 14:47:23.886,6.70653,intervention,5.70653,attack,1.70653,0.85,4,98.94,85,81,12.61849
25/01/2019 14:47:23.889,6.709223,intervention,5.709223,attack,1.709223,0.85,4,98.94,85,81,12.61849
25/01/2019 14:47:23.892,6.712015,intervention,5.712015,attack,1.712015,0.85,4,98.94,85,81,12.61849
25/01/2019 14:47:23.956,6.775944,intervention,5.775944,attack,1.775944,0.88,4,101.15,88,82,12.55359
25/01/2019 14:47:23.959,6.779289,intervention,5.779289,attack,1.779289,0.88,4,101.15,88,82,12.55359
25/01/2019 14:47:23.962,6.781996,intervention,5.781996,attack,1.781996,0.89,4,101.89,89,83,12.55359
25/01/2019 14:47:23.965,6.78475,intervention,5.78475,attack,1.78475,0.89,4,101.89,89,83,12.55359
25/01/2019 14:47:23.967,6.787552,intervention,5.787552,attack,1.787552,0.89,4,101.89,89,83,12.55359
25/01/2019 14:47:23.970,6.790316,intervention,5.790316,attack,1.790316,0.89,4,101.89,89,83,12.55359
25/01/2019 14:47:23.973,6.792973,intervention,5.792973,attack,1.792973,0.89,4,101.89,89,83,12.55359
25/01/2019 14:47:23.976,6.795799,intervention,5.795799,attack,1.795799,0.89,4,101.89,89,83,12.55359
25/01/2019 14:47:24.037,6.856146,intervention,5.856146,attack,1.856146,0.92,4,104.1,92,85,11.96267
25/01/2019 14:47:24.040,6.859718,intervention,5.859718,attack,1.859718,0.92,4,104.1,92,85,11.96267
25/01/2019 14:47:24.042,6.862453,intervention,5.862453,attack,1.862453,0.93,4,104.84,93,85,11.96267
25/01/2019 14:47:24.045,6.865162,intervention,5.865162,attack,1.865162,0.93,4,104.84,93,85,11.96267
25/01/2019 14:47:24.048,6.86805,intervention,5.86805,attack,1.86805,0.93,4,104.84,93,85,11.96267
25/01/2019 14:47:24.051,6.870781,intervention,5.870781,attack,1.870781,0.93,4,104.84,93,85,11.96267
25/01/2019 14:47:24.053,6.873446,intervention,5.873446,attack,1.873446,0.93,4,104.84,93,85,11.96267
25/01/2019 14:47:24.056,6.876139,intervention,5.876139,attack,1.876139,0.93,4,104.84,93,85,11.96267
25/01/2019 14:47:24.059,6.879076,intervention,5.879076,attack,1.879076,0.93,4,104.84,93,85,11.96267
25/01/2019 14:47:24.119,6.939217,intervention,5.939217,attack,1.939217,0.96,4,107.05,96,87,12.38611
25/01/2019 14:47:24.122,6.942188,intervention,5.942188,attack,1.942188,0.97,4,107.78,97,88,12.38611
25/01/2019 14:47:24.125,6.944855,intervention,5.944855,attack,1.944855,0.97,4,107.78,97,88,12.38611
25/01/2019 14:47:24.128,6.947565,intervention,5.947565,attack,1.947565,0.97,4,107.78,97,88,12.38611
25/01/2019 14:47:24.130,6.950274,intervention,5.950274,attack,1.950274,0.97,4,107.78,97,88,12.38611
25/01/2019 14:47:24.133,6.953091,intervention,5.953091,attack,1.953091,0.97,4,107.78,97,88,12.38611
25/01/2019 14:47:24.136,6.955727,intervention,5.955727,attack,1.955727,0.97,4,107.78,97,88,12.38611
25/01/2019 14:47:24.139,6.958487,intervention,5.958487,attack,1.958487,0.97,4,107.78,97,88,12.38611
25/01/2019 14:47:24.203,7.02191,intervention,6.02191,sustain high,0.02190971,1,5,110,100,90,12.25321
25/01/2019 14:47:24.205,7.02504,intervention,6.02504,sustain high,0.02503967,1,5,110,100,90,12.25321
25/01/2019 14:47:24.208,7.027872,intervention,6.027872,sustain high,0.02787209,1,5,110,100,90,12.25321
25/01/2019 14:47:24.211,7.030544,intervention,6.030544,sustain high,0.03054428,1,5,110,100,90,12.25321
25/01/2019 14:47:24.214,7.033815,intervention,6.033815,sustain high,0.03381538,1,5,110,100,90,12.25321
25/01/2019 14:47:24.217,7.036566,intervention,6.036566,sustain high,0.03656578,1,5,110,100,90,12.25321
25/01/2019 14:47:24.219,7.039259,intervention,6.039259,sustain high,0.03925896,1,5,110,100,90,12.25321
25/01/2019 14:47:24.222,7.042074,intervention,6.042074,sustain high,0.0420742,1,5,110,100,90,12.25321
25/01/2019 14:47:24.284,7.103497,intervention,6.103497,sustain high,0.1034966,1,5,110,100,90,12.0934
25/01/2019 14:47:24.287,7.106474,intervention,6.106474,sustain high,0.1064739,1,5,110,100,90,12.0934
25/01/2019 14:47:24.289,7.109091,intervention,6.109091,sustain high,0.1090908,1,5,110,100,90,12.0934
25/01/2019 14:47:24.292,7.111639,intervention,6.111639,sustain high,0.111639,1,5,110,100,90,12.0934
25/01/2019 14:47:24.294,7.114214,intervention,6.114214,sustain high,0.1142139,1,5,110,100,90,12.0934
25/01/2019 14:47:24.297,7.117065,intervention,6.117065,sustain high,0.1170654,1,5,110,100,90,12.0934
25/01/2019 14:47:24.300,7.119797,intervention,6.119797,sustain high,0.1197968,1,5,110,100,90,12.0934
25/01/2019 14:47:24.303,7.122631,intervention,6.122631,sustain high,0.1226311,1,5,110,100,90,12.0934
25/01/2019 14:47:24.368,7.187153,intervention,6.187153,sustain high,0.1871529,1,5,110,100,90,12.19676
25/01/2019 14:47:24.371,7.19035,intervention,6.19035,sustain high,0.1903496,1,5,110,100,90,12.19676
25/01/2019 14:47:24.373,7.192986,intervention,6.192986,sustain high,0.1929855,1,5,110,100,90,12.19676
25/01/2019 14:47:24.376,7.195688,intervention,6.195688,sustain high,0.1956882,1,5,110,100,90,12.19676
25/01/2019 14:47:24.379,7.198542,intervention,6.198542,sustain high,0.1985416,1,5,110,100,90,12.19676
25/01/2019 14:47:24.382,7.201427,intervention,6.201427,sustain high,0.2014275,1,5,110,100,90,12.19676
25/01/2019 14:47:24.384,7.204195,intervention,6.204195,sustain high,0.204195,1,5,110,100,90,12.19676
25/01/2019 14:47:24.387,7.207096,intervention,6.207096,sustain high,0.2070961,1,5,110,100,90,12.19676
25/01/2019 14:47:24.390,7.209679,intervention,6.209679,sustain high,0.2096786,1,5,110,100,90,12.19676
25/01/2019 14:47:24.457,7.276817,intervention,6.276817,sustain high,0.2768173,1,5,110,100,90,11.86862
25/01/2019 14:47:24.460,7.27981,intervention,6.27981,sustain high,0.27981,1,5,110,100,90,11.86862
25/01/2019 14:47:24.463,7.282618,intervention,6.282618,sustain high,0.2826176,1,5,110,100,90,11.86862
25/01/2019 14:47:24.466,7.285376,intervention,6.285376,sustain high,0.2853756,1,5,110,100,90,11.86862
25/01/2019 14:47:24.468,7.288094,intervention,6.288094,sustain high,0.2880936,1,5,110,100,90,11.86862
25/01/2019 14:47:24.471,7.29067,intervention,6.29067,sustain high,0.2906704,1,5,110,100,90,11.86862
25/01/2019 14:47:24.474,7.29335,intervention,6.29335,sustain high,0.2933502,1,5,110,100,90,11.86862
25/01/2019 14:47:24.476,7.296055,intervention,6.296055,sustain high,0.2960548,1,5,110,100,90,11.86862
25/01/2019 14:47:24.543,7.361755,intervention,6.361755,sustain high,0.3617554,1,5,110,100,90,11.2881
25/01/2019 14:47:24.545,7.365137,intervention,6.365137,sustain high,0.3651371,1,5,110,100,90,11.2881
25/01/2019 14:47:24.548,7.36791,intervention,6.36791,sustain high,0.3679104,1,5,110,100,90,11.2881
25/01/2019 14:47:24.551,7.370623,intervention,6.370623,sustain high,0.3706226,1,5,110,100,90,11.2881
25/01/2019 14:47:24.554,7.373325,intervention,6.373325,sustain high,0.3733253,1,5,110,100,90,11.2881
25/01/2019 14:47:24.556,7.376064,intervention,6.376064,sustain high,0.3760643,1,5,110,100,90,11.2881
25/01/2019 14:47:24.559,7.378925,intervention,6.378925,sustain high,0.3789253,1,5,110,100,90,11.2881
25/01/2019 14:47:24.562,7.381853,intervention,6.381853,sustain high,0.3818531,1,5,110,100,90,11.2881
25/01/2019 14:47:24.565,7.384428,intervention,6.384428,sustain high,0.384428,1,5,110,100,90,11.2881
25/01/2019 14:47:24.629,7.448473,intervention,6.448473,sustain high,0.448473,1,5,110,100,90,11.56654
25/01/2019 14:47:24.632,7.451826,intervention,6.451826,sustain high,0.4518261,1,5,110,100,90,11.56654
25/01/2019 14:47:24.635,7.454483,intervention,6.454483,sustain high,0.454483,1,5,110,100,90,11.56654
25/01/2019 14:47:24.637,7.457083,intervention,6.457083,sustain high,0.4570827,1,5,110,100,90,11.56654
25/01/2019 14:47:24.640,7.459732,intervention,6.459732,sustain high,0.4597321,1,5,110,100,90,11.56654
25/01/2019 14:47:24.643,7.462467,intervention,6.462467,sustain high,0.4624672,1,5,110,100,90,11.56654
25/01/2019 14:47:24.646,7.46517,intervention,6.46517,sustain high,0.4651699,1,5,110,100,90,11.56654
25/01/2019 14:47:24.648,7.467924,intervention,6.467924,sustain high,0.4679241,1,5,110,100,90,11.56654
25/01/2019 14:47:24.651,7.470535,intervention,6.470535,sustain high,0.4705353,1,5,110,100,90,11.56654
25/01/2019 14:47:24.727,7.546721,intervention,6.546721,sustain high,0.5467205,1,5,110,100,90,11.60161
25/01/2019 14:47:24.731,7.549978,intervention,6.549978,sustain high,0.5499783,1,5,110,100,90,11.60161
25/01/2019 14:47:24.734,7.553087,intervention,6.553087,sustain high,0.5530872,1,5,110,100,90,11.60161
25/01/2019 14:47:24.735,7.555927,intervention,6.555927,sustain high,0.5559273,1,5,110,100,90,11.60161
25/01/2019 14:47:24.738,7.558691,intervention,6.558691,sustain high,0.558691,1,5,110,100,90,11.60161
25/01/2019 14:47:24.742,7.561438,intervention,6.561438,sustain high,0.5614376,1,5,110,100,90,11.60161
25/01/2019 14:47:24.744,7.564554,intervention,6.564554,sustain high,0.5645542,1,5,110,100,90,11.60161
25/01/2019 14:47:24.748,7.567301,intervention,6.567301,sustain high,0.5673008,1,5,110,100,90,11.60161
25/01/2019 14:47:24.751,7.569977,intervention,6.569977,sustain high,0.5699768,1,5,110,100,90,11.60161
25/01/2019 14:47:24.816,7.635677,intervention,6.635677,sustain high,0.6356773,1,5,110,100,90,10.269
25/01/2019 14:47:24.818,7.638824,intervention,6.638824,sustain high,0.6388245,1,5,110,100,90,10.269
25/01/2019 14:47:24.821,7.641468,intervention,6.641468,sustain high,0.641468,1,5,110,100,90,10.269
25/01/2019 14:47:24.824,7.64418,intervention,6.64418,sustain high,0.6441803,1,5,110,100,90,10.269
25/01/2019 14:47:24.826,7.646879,intervention,6.646879,sustain high,0.6468792,1,5,110,100,90,10.269
25/01/2019 14:47:24.829,7.649687,intervention,6.649687,sustain high,0.6496868,1,5,110,100,90,10.269
25/01/2019 14:47:24.832,7.652397,intervention,6.652397,sustain high,0.6523972,1,5,110,100,90,10.269
25/01/2019 14:47:24.835,7.65506,intervention,6.65506,sustain high,0.6550598,1,5,110,100,90,10.269
25/01/2019 14:47:24.837,7.657875,intervention,6.657875,sustain high,0.6578751,1,5,110,100,90,10.269
25/01/2019 14:47:24.903,7.72267,intervention,6.72267,sustain high,0.7226696,1,5,110,100,90,11.0743
25/01/2019 14:47:24.906,7.726053,intervention,6.726053,sustain high,0.7260532,1,5,110,100,90,11.0743
25/01/2019 14:47:24.908,7.7288,intervention,6.7288,sustain high,0.7287998,1,5,110,100,90,11.0743
25/01/2019 14:47:24.911,7.731464,intervention,6.731464,sustain high,0.7314644,1,5,110,100,90,11.0743
25/01/2019 14:47:24.914,7.734108,intervention,6.734108,sustain high,0.734108,1,5,110,100,90,11.0743
25/01/2019 14:47:24.916,7.736973,intervention,6.736973,sustain high,0.7369728,1,5,110,100,90,11.0743
25/01/2019 14:47:24.919,7.739634,intervention,6.739634,sustain high,0.7396336,1,5,110,100,90,11.0743
25/01/2019 14:47:24.922,7.742279,intervention,6.742279,sustain high,0.7422791,1,5,110,100,90,11.0743
25/01/2019 14:47:24.924,7.744974,intervention,6.744974,sustain high,0.7449741,1,5,110,100,90,11.0743
25/01/2019 14:47:24.993,7.81275,intervention,6.81275,sustain high,0.8127499,1,5,110,100,90,11.4951
25/01/2019 14:47:24.996,7.81599,intervention,6.81599,sustain high,0.8159904,1,5,110,100,90,11.4951
25/01/2019 14:47:24.998,7.818806,intervention,6.818806,sustain high,0.8188057,1,5,110,100,90,11.4951
25/01/2019 14:47:25.001,7.821579,intervention,6.821579,sustain high,0.821579,1,5,110,100,90,11.4951
25/01/2019 14:47:25.004,7.824253,intervention,6.824253,sustain high,0.8242531,1,5,110,100,90,11.4951
25/01/2019 14:47:25.007,7.827044,intervention,6.827044,sustain high,0.8270435,1,5,110,100,90,11.4951
25/01/2019 14:47:25.009,7.829678,intervention,6.829678,sustain high,0.8296776,1,5,110,100,90,11.4951
25/01/2019 14:47:25.012,7.832418,intervention,6.832418,sustain high,0.8324184,1,5,110,100,90,11.4951
25/01/2019 14:47:25.015,7.835108,intervention,6.835108,sustain high,0.8351078,1,5,110,100,90,11.4951
25/01/2019 14:47:25.079,7.899035,intervention,6.899035,sustain high,0.8990345,1,5,110,100,90,11.15358
25/01/2019 14:47:25.082,7.902323,intervention,6.902323,sustain high,0.9023228,1,5,110,100,90,11.15358
25/01/2019 14:47:25.084,7.904943,intervention,6.904943,sustain high,0.9049435,1,5,110,100,90,11.15358
25/01/2019 14:47:25.087,7.907688,intervention,6.907688,sustain high,0.9076881,1,5,110,100,90,11.15358
25/01/2019 14:47:25.090,7.910374,intervention,6.910374,sustain high,0.9103737,1,5,110,100,90,11.15358
25/01/2019 14:47:25.093,7.913118,intervention,6.913118,sustain high,0.9131184,1,5,110,100,90,11.15358
25/01/2019 14:47:25.095,7.915859,intervention,6.915859,sustain high,0.9158592,1,5,110,100,90,11.15358
25/01/2019 14:47:25.098,7.918671,intervention,6.918671,sustain high,0.9186707,1,5,110,100,90,11.15358
25/01/2019 14:47:25.101,7.921406,intervention,6.921406,sustain high,0.9214058,1,5,110,100,90,11.15358
25/01/2019 14:47:25.166,7.986258,intervention,6.986258,sustain high,0.9862576,1,5,110,100,90,11.58759
25/01/2019 14:47:25.169,7.989309,intervention,6.989309,sustain high,0.9893093,1,5,110,100,90,11.58759
25/01/2019 14:47:25.172,7.992069,intervention,6.992069,sustain high,0.9920692,1,5,110,100,90,11.58759
25/01/2019 14:47:25.174,7.994764,intervention,6.994764,sustain high,0.9947643,1,5,110,100,90,11.58759
25/01/2019 14:47:25.177,7.997261,intervention,6.997261,sustain high,0.997261,1,5,110,100,90,11.58759
25/01/2019 14:47:25.180,8.000107,intervention,7.000107,sustain high,1.000107,1,5,110,100,90,11.58759
25/01/2019 14:47:25.182,8.002773,intervention,7.002773,sustain high,1.002773,1,5,110,100,90,11.58759
25/01/2019 14:47:25.185,8.005424,intervention,7.005424,sustain high,1.005424,1,5,110,100,90,11.58759
25/01/2019 14:47:25.258,8.077459,intervention,7.077459,sustain high,1.077459,1,5,110,100,90,11.56825
25/01/2019 14:47:25.260,8.08057,intervention,7.08057,sustain high,1.08057,1,5,110,100,90,11.56825
25/01/2019 14:47:25.263,8.083364,intervention,7.083364,sustain high,1.083364,1,5,110,100,90,11.56825
25/01/2019 14:47:25.266,8.086121,intervention,7.086121,sustain high,1.086121,1,5,110,100,90,11.56825
25/01/2019 14:47:25.269,8.088774,intervention,7.088774,sustain high,1.088774,1,5,110,100,90,11.56825
25/01/2019 14:47:25.271,8.091393,intervention,7.091393,sustain high,1.091393,1,5,110,100,90,11.56825
25/01/2019 14:47:25.274,8.094032,intervention,7.094032,sustain high,1.094032,1,5,110,100,90,11.56825
25/01/2019 14:47:25.277,8.09683,intervention,7.09683,sustain high,1.09683,1,5,110,100,90,11.56825
25/01/2019 14:47:25.279,8.099472,intervention,7.099472,sustain high,1.099472,1,5,110,100,90,11.56825
25/01/2019 14:47:25.282,8.102243,intervention,7.102243,sustain high,1.102243,1,5,110,100,90,11.56825
25/01/2019 14:47:25.347,8.166443,intervention,7.166443,sustain high,1.166443,1,5,110,100,90,10.82495
25/01/2019 14:47:25.349,8.169352,intervention,7.169352,sustain high,1.169352,1,5,110,100,90,10.82495
25/01/2019 14:47:25.352,8.172123,intervention,7.172123,sustain high,1.172123,1,5,110,100,90,10.82495
25/01/2019 14:47:25.355,8.174826,intervention,7.174826,sustain high,1.174826,1,5,110,100,90,10.82495
25/01/2019 14:47:25.357,8.177433,intervention,7.177433,sustain high,1.177433,1,5,110,100,90,10.82495
25/01/2019 14:47:25.360,8.180126,intervention,7.180126,sustain high,1.180126,1,5,110,100,90,10.82495
25/01/2019 14:47:25.363,8.182808,intervention,7.182808,sustain high,1.182808,1,5,110,100,90,10.82495
25/01/2019 14:47:25.365,8.185398,intervention,7.185398,sustain high,1.185398,1,5,110,100,90,10.82495
25/01/2019 14:47:25.430,8.249529,intervention,7.249529,sustain high,1.249529,1,5,110,100,90,11.413
25/01/2019 14:47:25.433,8.252733,intervention,7.252733,sustain high,1.252733,1,5,110,100,90,11.413
25/01/2019 14:47:25.435,8.255455,intervention,7.255455,sustain high,1.255455,1,5,110,100,90,11.413
25/01/2019 14:47:25.438,8.258324,intervention,7.258324,sustain high,1.258324,1,5,110,100,90,11.413
25/01/2019 14:47:25.441,8.261097,intervention,7.261097,sustain high,1.261097,1,5,110,100,90,11.413
25/01/2019 14:47:25.444,8.26384,intervention,7.26384,sustain high,1.26384,1,5,110,100,90,11.413
25/01/2019 14:47:25.446,8.266516,intervention,7.266516,sustain high,1.266516,1,5,110,100,90,11.413
25/01/2019 14:47:25.449,8.269318,intervention,7.269318,sustain high,1.269318,1,5,110,100,90,11.413
25/01/2019 14:47:25.452,8.271955,intervention,7.271955,sustain high,1.271955,1,5,110,100,90,11.413
25/01/2019 14:47:25.520,8.339811,intervention,7.339811,sustain high,1.339811,1,5,110,100,90,11.87581
25/01/2019 14:47:25.523,8.342821,intervention,7.342821,sustain high,1.342821,1,5,110,100,90,11.87581
25/01/2019 14:47:25.525,8.345543,intervention,7.345543,sustain high,1.345543,1,5,110,100,90,11.87581
25/01/2019 14:47:25.528,8.348351,intervention,7.348351,sustain high,1.348351,1,5,110,100,90,11.87581
25/01/2019 14:47:25.531,8.351028,intervention,7.351028,sustain high,1.351028,1,5,110,100,90,11.87581
25/01/2019 14:47:25.534,8.353804,intervention,7.353804,sustain high,1.353804,1,5,110,100,90,11.87581
25/01/2019 14:47:25.537,8.356647,intervention,7.356647,sustain high,1.356647,1,5,110,100,90,11.87581
25/01/2019 14:47:25.539,8.359386,intervention,7.359386,sustain high,1.359386,1,5,110,100,90,11.87581
25/01/2019 14:47:25.542,8.362244,intervention,7.362244,sustain high,1.362244,1,5,110,100,90,11.87581
25/01/2019 14:47:25.611,8.430244,intervention,7.430244,sustain high,1.430244,1,5,110,100,90,11.15484
25/01/2019 14:47:25.614,8.433529,intervention,7.433529,sustain high,1.433529,1,5,110,100,90,11.15484
25/01/2019 14:47:25.616,8.436308,intervention,7.436308,sustain high,1.436308,1,5,110,100,90,11.15484
25/01/2019 14:47:25.619,8.438972,intervention,7.438972,sustain high,1.438972,1,5,110,100,90,11.15484
25/01/2019 14:47:25.622,8.441551,intervention,7.441551,sustain high,1.441551,1,5,110,100,90,11.15484
25/01/2019 14:47:25.624,8.444218,intervention,7.444218,sustain high,1.444218,1,5,110,100,90,11.15484
25/01/2019 14:47:25.627,8.446873,intervention,7.446873,sustain high,1.446873,1,5,110,100,90,11.15484
25/01/2019 14:47:25.630,8.449657,intervention,7.449657,sustain high,1.449657,1,5,110,100,90,11.15484
25/01/2019 14:47:25.632,8.452255,intervention,7.452255,sustain high,1.452255,1,5,110,100,90,11.15484
25/01/2019 14:47:25.697,8.516439,intervention,7.516439,sustain high,1.516439,1,5,110,100,90,11.08337
25/01/2019 14:47:25.700,8.519747,intervention,7.519747,sustain high,1.519747,1,5,110,100,90,11.08337
25/01/2019 14:47:25.703,8.5226,intervention,7.5226,sustain high,1.5226,1,5,110,100,90,11.08337
25/01/2019 14:47:25.705,8.525221,intervention,7.525221,sustain high,1.525221,1,5,110,100,90,11.08337
25/01/2019 14:47:25.708,8.527876,intervention,7.527876,sustain high,1.527876,1,5,110,100,90,11.08337
25/01/2019 14:47:25.711,8.530588,intervention,7.530588,sustain high,1.530588,1,5,110,100,90,11.08337
25/01/2019 14:47:25.713,8.533348,intervention,7.533348,sustain high,1.533348,1,5,110,100,90,11.08337
25/01/2019 14:47:25.717,8.53606,intervention,7.53606,sustain high,1.53606,1,5,110,100,90,11.08337
25/01/2019 14:47:25.784,8.603363,intervention,7.603363,sustain high,1.603363,1,5,110,100,90,11.60046
25/01/2019 14:47:25.787,8.606752,intervention,7.606752,sustain high,1.606752,1,5,110,100,90,11.60046
25/01/2019 14:47:25.790,8.609499,intervention,7.609499,sustain high,1.609499,1,5,110,100,90,11.60046
25/01/2019 14:47:25.792,8.612173,intervention,7.612173,sustain high,1.612173,1,5,110,100,90,11.60046
25/01/2019 14:47:25.795,8.61484,intervention,7.61484,sustain high,1.61484,1,5,110,100,90,11.60046
25/01/2019 14:47:25.798,8.617491,intervention,7.617491,sustain high,1.617491,1,5,110,100,90,11.60046
25/01/2019 14:47:25.800,8.620182,intervention,7.620182,sustain high,1.620182,1,5,110,100,90,11.60046
25/01/2019 14:47:25.803,8.62282,intervention,7.62282,sustain high,1.62282,1,5,110,100,90,11.60046
25/01/2019 14:47:25.806,8.625559,intervention,7.625559,sustain high,1.625559,1,5,110,100,90,11.60046
25/01/2019 14:47:25.871,8.690454,intervention,7.690454,sustain high,1.690454,1,5,110,100,90,11.34796
25/01/2019 14:47:25.874,8.69347,intervention,7.69347,sustain high,1.69347,1,5,110,100,90,11.34796
25/01/2019 14:47:25.876,8.696127,intervention,7.696127,sustain high,1.696127,1,5,110,100,90,11.34796
25/01/2019 14:47:25.879,8.6989,intervention,7.6989,sustain high,1.6989,1,5,110,100,90,11.34796
25/01/2019 14:47:25.882,8.701662,intervention,7.701662,sustain high,1.701662,1,5,110,100,90,11.34796
25/01/2019 14:47:25.884,8.704346,intervention,7.704346,sustain high,1.704346,1,5,110,100,90,11.34796
25/01/2019 14:47:25.887,8.707148,intervention,7.707148,sustain high,1.707148,1,5,110,100,90,11.34796
25/01/2019 14:47:25.890,8.709917,intervention,7.709917,sustain high,1.709917,1,5,110,100,90,11.34796
25/01/2019 14:47:25.893,8.71261,intervention,7.71261,sustain high,1.71261,1,5,110,100,90,11.34796
25/01/2019 14:47:25.967,8.7864,intervention,7.7864,sustain high,1.7864,1,5,110,100,90,11.54558
25/01/2019 14:47:25.970,8.78966,intervention,7.78966,sustain high,1.78966,1,5,110,100,90,11.54558
25/01/2019 14:47:25.973,8.792414,intervention,7.792414,sustain high,1.792414,1,5,110,100,90,11.54558
25/01/2019 14:47:25.975,8.795238,intervention,7.795238,sustain high,1.795238,1,5,110,100,90,11.54558
25/01/2019 14:47:25.978,8.797897,intervention,7.797897,sustain high,1.797897,1,5,110,100,90,11.54558
25/01/2019 14:47:25.981,8.800482,intervention,7.800482,sustain high,1.800482,1,5,110,100,90,11.54558
25/01/2019 14:47:25.983,8.803135,intervention,7.803135,sustain high,1.803135,1,5,110,100,90,11.54558
25/01/2019 14:47:25.986,8.805798,intervention,7.805798,sustain high,1.805798,1,5,110,100,90,11.54558
25/01/2019 14:47:25.989,8.808464,intervention,7.808464,sustain high,1.808464,1,5,110,100,90,11.54558
