Time stamp,Experiment time,Phase,Time in Phase,Period Type,Time in Period,Fidelity
22/01/2019 13:23:14.140,0.01052427,adaptation,0.01052427,none,0,1
22/01/2019 13:23:14.149,0.01994276,adaptation,0.01994276,none,0,1
22/01/2019 13:23:14.158,0.02909517,adaptation,0.02909517,none,0,1
22/01/2019 13:23:14.168,0.0390749,adaptation,0.0390749,none,0,1
22/01/2019 13:23:14.178,0.04904938,adaptation,0.04904938,none,0,1
22/01/2019 13:23:14.187,0.05820751,adaptation,0.05820751,none,0,1
22/01/2019 13:23:14.196,0.06736994,adaptation,0.06736994,none,0,1
22/01/2019 13:23:14.206,0.07731295,adaptation,0.07731295,none,0,1
22/01/2019 13:23:14.215,0.08647919,adaptation,0.08647919,none,0,1
22/01/2019 13:23:14.225,0.09643507,adaptation,0.09643507,none,0,1
22/01/2019 13:23:14.235,0.1064591,adaptation,0.1064591,none,0,1
22/01/2019 13:23:14.245,0.1162524,adaptation,0.1162524,none,0,1
22/01/2019 13:23:14.255,0.1261873,adaptation,0.1261873,none,0,1
22/01/2019 13:23:14.264,0.1354027,adaptation,0.1354027,none,0,1
22/01/2019 13:23:14.274,0.1451945,adaptation,0.1451945,none,0,1
22/01/2019 13:23:14.284,0.1549182,adaptation,0.1549182,none,0,1
22/01/2019 13:23:14.293,0.1642289,adaptation,0.1642289,none,0,1
22/01/2019 13:23:14.303,0.1738696,adaptation,0.1738696,none,0,1
22/01/2019 13:23:14.315,0.186069,adaptation,0.186069,none,0,1
22/01/2019 13:23:14.324,0.1954112,adaptation,0.1954112,none,0,1
22/01/2019 13:23:14.334,0.2053614,adaptation,0.2053614,none,0,1
22/01/2019 13:23:14.344,0.2150631,adaptation,0.2150631,none,0,1
22/01/2019 13:23:14.354,0.22505,adaptation,0.22505,none,0,1
22/01/2019 13:23:14.364,0.2349911,adaptation,0.2349911,none,0,1
22/01/2019 13:23:14.374,0.2449732,adaptation,0.2449732,none,0,1
22/01/2019 13:23:14.383,0.2541728,adaptation,0.2541728,none,0,1
22/01/2019 13:23:14.393,0.2640996,adaptation,0.2640996,none,0,1
22/01/2019 13:23:14.403,0.27421,adaptation,0.27421,none,0,1
22/01/2019 13:23:14.412,0.2834821,adaptation,0.2834821,none,0,1
22/01/2019 13:23:14.422,0.2927618,adaptation,0.2927618,none,0,1
22/01/2019 13:23:14.432,0.3028073,adaptation,0.3028073,none,0,1
22/01/2019 13:23:14.441,0.3120351,adaptation,0.3120351,none,0,1
22/01/2019 13:23:14.451,0.3219419,adaptation,0.3219419,none,0,1
22/01/2019 13:23:14.460,0.331429,adaptation,0.331429,none,0,1
22/01/2019 13:23:14.470,0.3412747,adaptation,0.3412747,none,0,1
22/01/2019 13:23:14.486,0.3567481,adaptation,0.3567481,none,0,1
22/01/2019 13:23:14.495,0.3663058,adaptation,0.3663058,none,0,1
22/01/2019 13:23:14.505,0.3759961,adaptation,0.3759961,none,0,1
22/01/2019 13:23:14.515,0.3859124,adaptation,0.3859124,none,0,1
22/01/2019 13:23:14.525,0.3959622,adaptation,0.3959622,none,0,1
22/01/2019 13:23:14.535,0.4057527,adaptation,0.4057527,none,0,1
22/01/2019 13:23:14.545,0.4157004,adaptation,0.4157004,none,0,1
22/01/2019 13:23:14.554,0.4248672,adaptation,0.4248672,none,0,1
22/01/2019 13:23:14.564,0.4346623,adaptation,0.4346623,none,0,1
22/01/2019 13:23:14.574,0.4445834,adaptation,0.4445834,none,0,1
22/01/2019 13:23:14.583,0.4538131,adaptation,0.4538131,none,0,1
22/01/2019 13:23:14.592,0.4630847,adaptation,0.4630847,none,0,1
22/01/2019 13:23:14.601,0.4723887,adaptation,0.4723887,none,0,1
22/01/2019 13:23:14.611,0.4823365,adaptation,0.4823365,none,0,1
22/01/2019 13:23:14.621,0.4923606,adaptation,0.4923606,none,0,1
22/01/2019 13:23:14.631,0.5023685,adaptation,0.5023685,none,0,1
22/01/2019 13:23:14.659,0.5299125,adaptation,0.5299125,none,0,1
22/01/2019 13:23:14.669,0.5398803,adaptation,0.5398803,none,0,1
22/01/2019 13:23:14.679,0.549768,adaptation,0.549768,none,0,1
22/01/2019 13:23:14.689,0.5597434,adaptation,0.5597434,none,0,1
22/01/2019 13:23:14.699,0.5697513,adaptation,0.5697513,none,0,1
22/01/2019 13:23:14.708,0.579021,adaptation,0.579021,none,0,1
22/01/2019 13:23:14.718,0.5889401,adaptation,0.5889401,none,0,1
22/01/2019 13:23:14.727,0.5981669,adaptation,0.5981669,none,0,1
22/01/2019 13:23:14.737,0.6080899,adaptation,0.6080899,none,0,1
22/01/2019 13:23:14.747,0.6180167,adaptation,0.6180167,none,0,1
22/01/2019 13:23:14.757,0.6277785,adaptation,0.6277785,none,0,1
22/01/2019 13:23:14.766,0.6374364,adaptation,0.6374364,none,0,1
22/01/2019 13:23:14.776,0.6474204,adaptation,0.6474204,none,0,1
22/01/2019 13:23:14.786,0.6567225,adaptation,0.6567225,none,0,1
22/01/2019 13:23:14.795,0.6659551,adaptation,0.6659551,none,0,1
22/01/2019 13:23:14.805,0.6759496,adaptation,0.6759496,none,0,1
22/01/2019 13:23:14.814,0.6851087,adaptation,0.6851087,none,0,1
22/01/2019 13:23:14.824,0.6950183,adaptation,0.6950183,none,0,1
22/01/2019 13:23:14.835,0.7058959,adaptation,0.7058959,none,0,1
22/01/2019 13:23:14.844,0.7153249,adaptation,0.7153249,none,0,1
22/01/2019 13:23:14.854,0.7251925,adaptation,0.7251925,none,0,1
22/01/2019 13:23:14.863,0.7345243,adaptation,0.7345243,none,0,1
22/01/2019 13:23:14.872,0.7436957,adaptation,0.7436957,none,0,1
22/01/2019 13:23:14.882,0.7536416,adaptation,0.7536416,none,0,1
22/01/2019 13:23:14.892,0.7628398,adaptation,0.7628398,none,0,1
22/01/2019 13:23:14.901,0.7720313,adaptation,0.7720313,none,0,1
22/01/2019 13:23:14.911,0.7820134,adaptation,0.7820134,none,0,1
22/01/2019 13:23:14.920,0.7914643,adaptation,0.7914643,none,0,1
22/01/2019 13:23:14.930,0.8013854,adaptation,0.8013854,none,0,1
22/01/2019 13:23:14.940,0.8113065,adaptation,0.8113065,none,0,1
22/01/2019 13:23:14.950,0.821135,adaptation,0.821135,none,0,1
22/01/2019 13:23:14.959,0.8304677,adaptation,0.8304677,none,0,1
22/01/2019 13:23:14.969,0.8399787,adaptation,0.8399787,none,0,1
22/01/2019 13:23:14.979,0.8498788,adaptation,0.8498788,none,0,1
22/01/2019 13:23:14.988,0.8590283,adaptation,0.8590283,none,0,1
22/01/2019 13:23:15.007,0.8777757,adaptation,0.8777757,none,0,1
22/01/2019 13:23:15.016,0.8874984,adaptation,0.8874984,none,0,1
22/01/2019 13:23:15.026,0.8969064,adaptation,0.8969064,none,0,1
22/01/2019 13:23:15.035,0.9061265,adaptation,0.9061265,none,0,1
22/01/2019 13:23:15.045,0.9159379,adaptation,0.9159379,none,0,1
22/01/2019 13:23:15.054,0.9251571,adaptation,0.9251571,none,0,1
22/01/2019 13:23:15.064,0.935143,adaptation,0.935143,none,0,1
22/01/2019 13:23:15.073,0.9445863,adaptation,0.9445863,none,0,1
22/01/2019 13:23:15.083,0.9545741,adaptation,0.9545741,none,0,1
22/01/2019 13:23:15.093,0.9644628,adaptation,0.9644628,none,0,1
22/01/2019 13:23:15.103,0.9744868,adaptation,0.9744868,none,0,1
22/01/2019 13:23:15.113,0.9843841,adaptation,0.9843841,none,0,1
22/01/2019 13:23:15.123,0.9943376,adaptation,0.9943376,none,0,1
22/01/2019 13:23:15.133,1.004331,intervention,0.004331112,decay,0.004331112,0.9653511
22/01/2019 13:23:15.143,1.013893,intervention,0.01389265,decay,0.01389265,0.8888588
22/01/2019 13:23:15.152,1.023699,intervention,0.02369928,decay,0.02369928,0.8104057
22/01/2019 13:23:15.162,1.032926,intervention,0.03292608,decay,0.03292608,0.7365913
22/01/2019 13:23:15.175,1.04633,intervention,0.04632998,decay,0.04632998,0.6293602
22/01/2019 13:23:15.185,1.056371,intervention,0.05637121,decay,0.05637121,0.5490303
22/01/2019 13:23:15.203,1.073884,intervention,0.07388353,decay,0.07388353,0.4089317
22/01/2019 13:23:15.212,1.083338,intervention,0.08333826,decay,0.08333826,0.3332939
22/01/2019 13:23:15.222,1.093384,intervention,0.09338427,decay,0.09338427,0.2529259
22/01/2019 13:23:15.231,1.102571,intervention,0.102571,decay,0.102571,0.1794319
22/01/2019 13:23:15.241,1.11248,intervention,0.1124797,decay,0.1124797,0.1001625
22/01/2019 13:23:15.251,1.122295,intervention,0.1222949,decay,0.1222949,0.02164078
22/01/2019 13:23:15.260,1.131613,intervention,0.1316133,sustain low,0.006613255,0
22/01/2019 13:23:15.271,1.142015,intervention,0.142015,sustain low,0.01701498,0
22/01/2019 13:23:15.280,1.151681,intervention,0.1516814,sustain low,0.02668142,0
22/01/2019 13:23:15.290,1.161582,intervention,0.1615815,sustain low,0.03658152,0
22/01/2019 13:23:15.300,1.171356,intervention,0.1713557,sustain low,0.04635572,0
22/01/2019 13:23:15.309,1.180539,intervention,0.1805387,sustain low,0.05553865,0
22/01/2019 13:23:15.319,1.189702,intervention,0.1897016,sustain low,0.06470156,0
22/01/2019 13:23:15.328,1.19898,intervention,0.1989799,sustain low,0.07397985,0
22/01/2019 13:23:15.337,1.208275,intervention,0.2082753,sustain low,0.08327532,0
22/01/2019 13:23:15.355,1.226543,intervention,0.2265429,sustain low,0.1015429,0
22/01/2019 13:23:15.365,1.235973,intervention,0.2359729,sustain low,0.1109729,0
22/01/2019 13:23:15.374,1.245194,intervention,0.245194,sustain low,0.120194,0
22/01/2019 13:23:15.384,1.25509,intervention,0.2550902,attack,0.005090237,0.04072189
22/01/2019 13:23:15.393,1.264244,intervention,0.2642436,attack,0.0142436,0.1139488
22/01/2019 13:23:15.403,1.274276,intervention,0.2742763,attack,0.02427626,0.1942101
22/01/2019 13:23:15.413,1.284267,intervention,0.2842669,attack,0.03426695,0.2741356
22/01/2019 13:23:15.423,1.294279,intervention,0.2942786,attack,0.04427862,0.354229
22/01/2019 13:23:15.432,1.303547,intervention,0.3035474,attack,0.05354738,0.4283791
22/01/2019 13:23:15.442,1.313559,intervention,0.3135591,attack,0.06355906,0.5084724
22/01/2019 13:23:15.451,1.322793,intervention,0.3227935,attack,0.07279348,0.5823479
22/01/2019 13:23:15.461,1.332167,intervention,0.3321671,attack,0.08216715,0.6573372
22/01/2019 13:23:15.470,1.341562,intervention,0.3415618,attack,0.09156179,0.7324944
22/01/2019 13:23:15.480,1.350999,intervention,0.3509994,attack,0.1009994,0.8079948
22/01/2019 13:23:15.490,1.360972,intervention,0.3609719,attack,0.1109719,0.8877754
22/01/2019 13:23:15.499,1.3702,intervention,0.3701997,attack,0.1201997,0.9615974
22/01/2019 13:23:15.508,1.37941,intervention,0.3794103,sustain high,0.004410267,1
22/01/2019 13:23:15.518,1.388784,intervention,0.3887839,sustain high,0.01378393,1
22/01/2019 13:23:15.531,1.401922,intervention,0.4019217,sustain high,0.02692175,1
22/01/2019 13:23:15.540,1.411316,intervention,0.4113164,sustain high,0.03631639,1
22/01/2019 13:23:15.550,1.421337,intervention,0.4213367,sustain high,0.04633665,1
22/01/2019 13:23:15.559,1.430558,intervention,0.4305577,sustain high,0.05555773,1
22/01/2019 13:23:15.569,1.439804,intervention,0.4398036,sustain high,0.0648036,1
22/01/2019 13:23:15.578,1.449175,intervention,0.4491754,sustain high,0.07417536,1
22/01/2019 13:23:15.588,1.459212,intervention,0.4592118,sustain high,0.08421183,1
22/01/2019 13:23:15.598,1.469093,intervention,0.4690928,sustain high,0.09409285,1
22/01/2019 13:23:15.608,1.479095,intervention,0.479095,sustain high,0.104095,1
22/01/2019 13:23:15.618,1.489133,intervention,0.4891334,sustain high,0.1141334,1
22/01/2019 13:23:15.628,1.499037,intervention,0.4990373,sustain high,0.1240373,1
22/01/2019 13:23:15.638,1.508968,intervention,0.5089679,decay,0.008967876,0.928257
22/01/2019 13:23:15.647,1.518698,intervention,0.5186982,decay,0.01869822,0.8504143
22/01/2019 13:23:15.657,1.527929,intervention,0.5279288,decay,0.02792883,0.7765694
22/01/2019 13:23:15.667,1.537828,intervention,0.537828,decay,0.03782797,0.6973763
22/01/2019 13:23:15.677,1.547895,intervention,0.547895,decay,0.04789495,0.6168404
22/01/2019 13:23:15.686,1.557312,intervention,0.5573125,decay,0.05731249,0.5415001
22/01/2019 13:23:15.703,1.574145,intervention,0.5741448,decay,0.07414484,0.4068413
22/01/2019 13:23:15.712,1.583644,intervention,0.5836444,decay,0.08364439,0.3308449
22/01/2019 13:23:15.722,1.592824,intervention,0.5928235,decay,0.09282351,0.257412
22/01/2019 13:23:15.731,1.602069,intervention,0.6020694,decay,0.1020694,0.183445
22/01/2019 13:23:15.741,1.612081,intervention,0.6120811,decay,0.1120811,0.1033516
22/01/2019 13:23:15.751,1.622183,intervention,0.6221833,decay,0.1221833,0.02253342
22/01/2019 13:23:15.761,1.632528,intervention,0.6325278,sustain low,0.007527828,0
22/01/2019 13:23:15.771,1.642461,intervention,0.6424613,sustain low,0.0174613,0
22/01/2019 13:23:15.781,1.6517,intervention,0.6517005,sustain low,0.0267005,0
22/01/2019 13:23:15.790,1.661609,intervention,0.6616092,sustain low,0.03660917,0
22/01/2019 13:23:15.800,1.671602,intervention,0.6716018,sustain low,0.04660177,0
22/01/2019 13:23:15.810,1.6815,intervention,0.6815,sustain low,0.05649996,0
22/01/2019 13:23:15.820,1.690674,intervention,0.6906743,sustain low,0.0656743,0
22/01/2019 13:23:15.830,1.700603,intervention,0.700603,sustain low,0.07560301,0
22/01/2019 13:23:15.839,1.710018,intervention,0.7100177,sustain low,0.08501768,0
22/01/2019 13:23:15.849,1.720092,intervention,0.7200923,sustain low,0.0950923,0
22/01/2019 13:23:15.859,1.730106,intervention,0.7301059,sustain low,0.1051059,0
22/01/2019 13:23:15.873,1.743871,intervention,0.7438712,sustain low,0.1188712,0
22/01/2019 13:23:15.883,1.75392,intervention,0.7539201,attack,0.003920078,0.03136063
22/01/2019 13:23:15.892,1.763293,intervention,0.7632928,attack,0.01329279,0.1063423
22/01/2019 13:23:15.902,1.772667,intervention,0.7726674,attack,0.02266741,0.1813393
22/01/2019 13:23:15.911,1.782011,intervention,0.7820106,attack,0.03201056,0.2560844
22/01/2019 13:23:15.920,1.791285,intervention,0.791285,attack,0.04128504,0.3302803
22/01/2019 13:23:15.929,1.800553,intervention,0.8005528,attack,0.05055285,0.4044228
22/01/2019 13:23:15.939,1.80992,intervention,0.8099198,attack,0.05991983,0.4793587
22/01/2019 13:23:15.948,1.819198,intervention,0.8191981,attack,0.06919813,0.5535851
22/01/2019 13:23:15.958,1.829146,intervention,0.8291459,attack,0.07914591,0.6331673
22/01/2019 13:23:15.968,1.839092,intervention,0.8390918,attack,0.08909178,0.7127342
22/01/2019 13:23:15.978,1.84907,intervention,0.8490701,attack,0.09907007,0.7925606
22/01/2019 13:23:15.987,1.858309,intervention,0.8583093,attack,0.1083093,0.8664742
22/01/2019 13:23:15.997,1.868249,intervention,0.8682494,attack,0.1182494,0.9459953
22/01/2019 13:23:16.007,1.878219,intervention,0.8782191,sustain high,0.003219128,1
22/01/2019 13:23:16.016,1.88737,intervention,0.8873696,sustain high,0.01236963,1
22/01/2019 13:23:16.026,1.897357,intervention,0.8973565,sustain high,0.02235651,1
22/01/2019 13:23:16.041,1.912613,intervention,0.9126134,sustain high,0.03761339,1
22/01/2019 13:23:16.051,1.92204,intervention,0.9220405,sustain high,0.04704046,1
22/01/2019 13:23:16.061,1.93186,intervention,0.9318604,sustain high,0.05686045,1
22/01/2019 13:23:16.071,1.941772,intervention,0.941772,sustain high,0.06677198,1
22/01/2019 13:23:16.080,1.951629,intervention,0.9516292,sustain high,0.07662916,1
22/01/2019 13:23:16.090,1.961357,intervention,0.9613566,sustain high,0.08635664,1
22/01/2019 13:23:16.099,1.970589,intervention,0.9705892,sustain high,0.09558916,1
22/01/2019 13:23:16.109,1.980599,intervention,0.9805989,sustain high,0.1055989,1
22/01/2019 13:23:16.119,1.990442,intervention,0.9904418,sustain high,0.1154418,1
22/01/2019 13:23:16.129,2.000443,intervention,1.000443,decay,0.0004429817,0.9964561
22/01/2019 13:23:16.139,2.010408,intervention,1.010408,decay,0.01040792,0.9167366
22/01/2019 13:23:16.149,2.02031,intervention,1.02031,decay,0.02030993,0.8375206
22/01/2019 13:23:16.159,2.030157,intervention,1.030157,decay,0.03015661,0.7587471
22/01/2019 13:23:16.168,2.039595,intervention,1.039595,decay,0.03959513,0.683239
22/01/2019 13:23:16.178,2.048892,intervention,1.048892,decay,0.0488925,0.60886
22/01/2019 13:23:16.187,2.058066,intervention,1.058066,decay,0.05806589,0.5354729
22/01/2019 13:23:16.196,2.067543,intervention,1.067543,decay,0.06754255,0.4596596
22/01/2019 13:23:16.207,2.0778,intervention,1.0778,decay,0.07780027,0.3775978
22/01/2019 13:23:16.216,2.087345,intervention,1.087345,decay,0.08734465,0.3012428
22/01/2019 13:23:16.226,2.097324,intervention,1.097324,decay,0.09732389,0.2214088
22/01/2019 13:23:16.236,2.107368,intervention,1.107368,decay,0.107368,0.1410561
22/01/2019 13:23:16.246,2.117294,intervention,1.117294,decay,0.1172938,0.06164932
22/01/2019 13:23:16.256,2.12727,intervention,1.12727,sustain low,0.002270222,0
22/01/2019 13:23:16.266,2.137329,intervention,1.137329,sustain low,0.01232862,0
22/01/2019 13:23:16.276,2.147141,intervention,1.147141,sustain low,0.02214098,0
22/01/2019 13:23:16.286,2.15752,intervention,1.15752,sustain low,0.03251982,0
22/01/2019 13:23:16.295,2.166813,intervention,1.166813,sustain low,0.04181337,0
22/01/2019 13:23:16.305,2.176775,intervention,1.176775,sustain low,0.05177546,0
22/01/2019 13:23:16.315,2.186752,intervention,1.186752,sustain low,0.06175184,0
22/01/2019 13:23:16.325,2.196611,intervention,1.196611,sustain low,0.07161093,0
22/01/2019 13:23:16.335,2.206704,intervention,1.206704,sustain low,0.08170366,0
22/01/2019 13:23:16.345,2.216656,intervention,1.216656,sustain low,0.09165621,0
22/01/2019 13:23:16.354,2.225827,intervention,1.225827,sustain low,0.1008267,0
22/01/2019 13:23:16.369,2.240549,intervention,1.240549,sustain low,0.1155486,0
22/01/2019 13:23:16.379,2.250045,intervention,1.250045,attack,4.529953E-05,0.0003623962
22/01/2019 13:23:16.388,2.259717,intervention,1.259717,attack,0.009717464,0.07773972
22/01/2019 13:23:16.398,2.269777,intervention,1.269777,attack,0.01977682,0.1582146
22/01/2019 13:23:16.408,2.279056,intervention,1.279056,attack,0.02905607,0.2324486
22/01/2019 13:23:16.417,2.288337,intervention,1.288337,attack,0.03833723,0.3066978
22/01/2019 13:23:16.426,2.297503,intervention,1.297503,attack,0.04750299,0.380024
22/01/2019 13:23:16.435,2.306698,intervention,1.306698,attack,0.05669832,0.4535866
22/01/2019 13:23:16.445,2.316032,intervention,1.316032,attack,0.06603193,0.5282555
22/01/2019 13:23:16.454,2.32527,intervention,1.32527,attack,0.07527018,0.6021614
22/01/2019 13:23:16.464,2.335204,intervention,1.335204,attack,0.08520365,0.6816292
22/01/2019 13:23:16.474,2.345232,intervention,1.345232,attack,0.09523249,0.7618599
22/01/2019 13:23:16.484,2.35508,intervention,1.35508,attack,0.1050801,0.840641
22/01/2019 13:23:16.493,2.364455,intervention,1.364455,attack,0.1144547,0.915638
22/01/2019 13:23:16.503,2.373812,intervention,1.373812,attack,0.1238122,0.9904976
22/01/2019 13:23:16.512,2.383629,intervention,1.383629,sustain high,0.008629322,1
22/01/2019 13:23:16.529,2.400289,intervention,1.400289,sustain high,0.02528906,1
22/01/2019 13:23:16.538,2.409447,intervention,1.409447,sustain high,0.03444719,1
22/01/2019 13:23:16.547,2.418725,intervention,1.418725,sustain high,0.04372454,1
22/01/2019 13:23:16.557,2.428702,intervention,1.428702,sustain high,0.05370188,1
22/01/2019 13:23:16.567,2.438677,intervention,1.438677,sustain high,0.06367731,1
22/01/2019 13:23:16.577,2.448545,intervention,1.448545,sustain high,0.07354498,1
22/01/2019 13:23:16.587,2.45856,intervention,1.45856,sustain high,0.08356047,1
22/01/2019 13:23:16.597,2.468591,intervention,1.468591,sustain high,0.09359121,1
22/01/2019 13:23:16.607,2.478545,intervention,1.478545,sustain high,0.1035447,1
22/01/2019 13:23:16.617,2.488521,intervention,1.488521,sustain high,0.1135211,1
22/01/2019 13:23:16.627,2.4984,intervention,1.4984,sustain high,0.1234002,1
22/01/2019 13:23:16.637,2.508444,intervention,1.508444,decay,0.008444309,0.9324455
22/01/2019 13:23:16.647,2.518459,intervention,1.518459,decay,0.01845884,0.8523293
22/01/2019 13:23:16.657,2.528333,intervention,1.528333,decay,0.02833319,0.7733345
22/01/2019 13:23:16.667,2.53835,intervention,1.53835,decay,0.03834963,0.693203
22/01/2019 13:23:16.684,2.554928,intervention,1.554928,decay,0.0549283,0.5605736
22/01/2019 13:23:16.693,2.564202,intervention,1.564202,decay,0.06420183,0.4863853
22/01/2019 13:23:16.703,2.574067,intervention,1.574067,decay,0.07406664,0.4074669
22/01/2019 13:23:16.713,2.583877,intervention,1.583877,decay,0.08387709,0.3289833
22/01/2019 13:23:16.723,2.593898,intervention,1.593898,decay,0.0938983,0.2488136
22/01/2019 13:23:16.733,2.60385,intervention,1.60385,decay,0.1038499,0.1692009
22/01/2019 13:23:16.743,2.613884,intervention,1.613884,decay,0.1138844,0.08892441
22/01/2019 13:23:16.752,2.623106,intervention,1.623106,decay,0.1231065,0.01514816
22/01/2019 13:23:16.762,2.633167,intervention,1.633167,sustain low,0.00816679,0
22/01/2019 13:23:16.772,2.642736,intervention,1.642736,sustain low,0.01773596,0
22/01/2019 13:23:16.781,2.651916,intervention,1.651916,sustain low,0.02691603,0
22/01/2019 13:23:16.792,2.662909,intervention,1.662909,sustain low,0.03790903,0
22/01/2019 13:23:16.801,2.672304,intervention,1.672304,sustain low,0.04730368,0
22/01/2019 13:23:16.811,2.682308,intervention,1.682308,sustain low,0.05730772,0
22/01/2019 13:23:16.821,2.692297,intervention,1.692297,sustain low,0.0672965,0
22/01/2019 13:23:16.839,2.710259,intervention,1.710259,sustain low,0.08525896,0
22/01/2019 13:23:16.849,2.71982,intervention,1.71982,sustain low,0.0948205,0
22/01/2019 13:23:16.858,2.728987,intervention,1.728987,sustain low,0.1039872,0
22/01/2019 13:23:16.867,2.738175,intervention,1.738175,sustain low,0.1131749,0
22/01/2019 13:23:16.877,2.748155,intervention,1.748155,sustain low,0.1231551,0
22/01/2019 13:23:16.887,2.758075,intervention,1.758075,attack,0.008075237,0.0646019
22/01/2019 13:23:16.897,2.767986,intervention,1.767986,attack,0.01798582,0.1438866
22/01/2019 13:23:16.907,2.777766,intervention,1.777766,attack,0.02776575,0.222126
22/01/2019 13:23:16.916,2.787677,intervention,1.787677,attack,0.03767729,0.3014183
22/01/2019 13:23:16.926,2.796846,intervention,1.796846,attack,0.04684591,0.3747673
22/01/2019 13:23:16.936,2.806924,intervention,1.806924,attack,0.05692434,0.4553947
22/01/2019 13:23:16.946,2.816967,intervention,1.816967,attack,0.06696653,0.5357323
22/01/2019 13:23:16.962,2.833373,intervention,1.833373,attack,0.08337259,0.6669807
22/01/2019 13:23:16.971,2.842533,intervention,1.842533,attack,0.09253263,0.7402611
22/01/2019 13:23:16.981,2.852428,intervention,1.852428,attack,0.102428,0.8194237
22/01/2019 13:23:16.999,2.869924,intervention,1.869924,attack,0.1199241,0.9593925
22/01/2019 13:23:17.008,2.879404,intervention,1.879404,sustain high,0.004403591,1
22/01/2019 13:23:17.017,2.888647,intervention,1.888647,sustain high,0.0136466,1
22/01/2019 13:23:17.027,2.897838,intervention,1.897838,sustain high,0.02283812,1
22/01/2019 13:23:17.037,2.907732,intervention,1.907732,sustain high,0.03273153,1
22/01/2019 13:23:17.046,2.917572,intervention,1.917572,sustain high,0.0425725,1
22/01/2019 13:23:17.056,2.927589,intervention,1.927589,sustain high,0.05258894,1
22/01/2019 13:23:17.066,2.936934,intervention,1.936934,sustain high,0.06193399,1
22/01/2019 13:23:17.075,2.946126,intervention,1.946126,sustain high,0.07112551,1
22/01/2019 13:23:17.084,2.955388,intervention,1.955388,sustain high,0.08038759,1
22/01/2019 13:23:17.094,2.965404,intervention,1.965404,sustain high,0.09040403,1
22/01/2019 13:23:17.104,2.974914,intervention,1.974914,sustain high,0.09991407,1
22/01/2019 13:23:17.114,2.984931,intervention,1.984931,sustain high,0.1099315,1
22/01/2019 13:23:17.124,2.994763,intervention,1.994763,sustain high,0.1197629,1
22/01/2019 13:23:17.133,3.00395,intervention,2.00395,decay,0.003949642,0.9684029
22/01/2019 13:23:17.142,3.01319,intervention,2.01319,decay,0.01318979,0.8944817
22/01/2019 13:23:17.155,3.026073,intervention,2.026073,decay,0.02607298,0.7914162
22/01/2019 13:23:17.164,3.0355,intervention,2.0355,decay,0.03550005,0.7159996
22/01/2019 13:23:17.174,3.04481,intervention,2.04481,decay,0.04480982,0.6415215
22/01/2019 13:23:17.183,3.054698,intervention,2.054698,decay,0.05469751,0.5624199
22/01/2019 13:23:17.193,3.06459,intervention,2.06459,decay,0.06458998,0.4832802
22/01/2019 13:23:17.203,3.074538,intervention,2.074538,decay,0.07453775,0.403698
22/01/2019 13:23:17.213,3.083885,intervention,2.083885,decay,0.08388472,0.3289223
22/01/2019 13:23:17.223,3.093939,intervention,2.093939,decay,0.0939393,0.2484856
22/01/2019 13:23:17.233,3.103861,intervention,2.103861,decay,0.1038613,0.1691093
22/01/2019 13:23:17.243,3.113843,intervention,2.113843,decay,0.1138434,0.08925247
22/01/2019 13:23:17.253,3.123786,intervention,2.123786,decay,0.1237864,0.009708405
22/01/2019 13:23:17.262,3.133179,intervention,2.133179,sustain low,0.008179188,0
22/01/2019 13:23:17.271,3.142451,intervention,2.142451,sustain low,0.01745081,0
22/01/2019 13:23:17.281,3.151917,intervention,2.151917,sustain low,0.02691698,0
22/01/2019 13:23:17.290,3.161169,intervention,2.161169,sustain low,0.03616858,0
22/01/2019 13:23:17.311,3.182637,intervention,2.182637,sustain low,0.05763674,0
22/01/2019 13:23:17.321,3.192352,intervention,2.192352,sustain low,0.06735182,0
22/01/2019 13:23:17.331,3.202348,intervention,2.202348,sustain low,0.07734823,0
22/01/2019 13:23:17.341,3.211796,intervention,2.211796,sustain low,0.08679628,0
22/01/2019 13:23:17.351,3.221716,intervention,2.221716,sustain low,0.0967164,0
22/01/2019 13:23:17.361,3.231768,intervention,2.231768,sustain low,0.1067681,0
22/01/2019 13:23:17.370,3.240945,intervention,2.240945,sustain low,0.1159453,0
22/01/2019 13:23:17.379,3.250185,intervention,2.250185,attack,0.0001854897,0.001483917
22/01/2019 13:23:17.389,3.260172,intervention,2.260172,attack,0.01017237,0.08137894
22/01/2019 13:23:17.399,3.270113,intervention,2.270113,attack,0.02011251,0.1609001
22/01/2019 13:23:17.409,3.280135,intervention,2.280135,attack,0.03013468,0.2410774
22/01/2019 13:23:17.419,3.28994,intervention,2.28994,attack,0.03994036,0.3195229
22/01/2019 13:23:17.428,3.299175,intervention,2.299175,attack,0.04917479,0.3933983
22/01/2019 13:23:17.438,3.309177,intervention,2.309177,attack,0.05917692,0.4734154
22/01/2019 13:23:17.447,3.318365,intervention,2.318365,attack,0.06836462,0.546917
22/01/2019 13:23:17.465,3.335842,intervention,2.335842,attack,0.08584166,0.6867332
22/01/2019 13:23:17.474,3.345378,intervention,2.345378,attack,0.0953784,0.7630272
22/01/2019 13:23:17.483,3.354687,intervention,2.354687,attack,0.1046872,0.8374977
22/01/2019 13:23:17.493,3.364743,intervention,2.364743,attack,0.1147428,0.917942
22/01/2019 13:23:17.503,3.374229,intervention,2.374229,attack,0.124229,0.9938316
22/01/2019 13:23:17.512,3.383508,intervention,2.383508,sustain high,0.008508205,1
22/01/2019 13:23:17.522,3.393503,intervention,2.393503,sustain high,0.01850271,1
22/01/2019 13:23:17.532,3.403371,intervention,2.403371,sustain high,0.02837133,1
22/01/2019 13:23:17.542,3.413406,intervention,2.413406,sustain high,0.0384059,1
22/01/2019 13:23:17.551,3.422629,intervention,2.422629,sustain high,0.04762888,1
22/01/2019 13:23:17.561,3.432613,intervention,2.432613,sustain high,0.0576129,1
22/01/2019 13:23:17.571,3.442508,intervention,2.442508,sustain high,0.06750822,1
22/01/2019 13:23:17.581,3.452387,intervention,2.452387,sustain high,0.07738733,1
22/01/2019 13:23:17.591,3.462432,intervention,2.462432,sustain high,0.08743238,1
22/01/2019 13:23:17.601,3.472439,intervention,2.472439,sustain high,0.09743929,1
22/01/2019 13:23:17.616,3.487568,intervention,2.487568,sustain high,0.1125684,1
22/01/2019 13:23:17.626,3.49697,intervention,2.49697,sustain high,0.1219697,1
22/01/2019 13:23:17.636,3.506928,intervention,2.506928,decay,0.006927967,0.9445763
22/01/2019 13:23:17.646,3.517026,intervention,2.517026,decay,0.01702642,0.8637886
22/01/2019 13:23:17.655,3.5265,intervention,2.5265,decay,0.02650023,0.7879982
22/01/2019 13:23:17.664,3.535679,intervention,2.535679,decay,0.03567934,0.7145653
22/01/2019 13:23:17.674,3.544898,intervention,2.544898,decay,0.04489756,0.6408195
22/01/2019 13:23:17.683,3.554222,intervention,2.554222,decay,0.05422163,0.566227
22/01/2019 13:23:17.693,3.564262,intervention,2.564262,decay,0.06426191,0.4859047
22/01/2019 13:23:17.703,3.574187,intervention,2.574187,decay,0.0741868,0.4065056
22/01/2019 13:23:17.712,3.583647,intervention,2.583647,decay,0.08364725,0.330822
22/01/2019 13:23:17.723,3.593693,intervention,2.593693,decay,0.09369326,0.2504539
22/01/2019 13:23:17.732,3.602941,intervention,2.602941,decay,0.102941,0.1764717
22/01/2019 13:23:17.742,3.612876,intervention,2.612876,decay,0.1128764,0.09698868
22/01/2019 13:23:17.752,3.622758,intervention,2.622758,decay,0.1227584,0.01793289
22/01/2019 13:23:17.766,3.636791,intervention,2.636791,sustain low,0.01179075,0
22/01/2019 13:23:17.775,3.646269,intervention,2.646269,sustain low,0.02126932,0
22/01/2019 13:23:17.785,3.65585,intervention,2.65585,sustain low,0.03084993,0
22/01/2019 13:23:17.794,3.665037,intervention,2.665037,sustain low,0.04003668,0
22/01/2019 13:23:17.804,3.675084,intervention,2.675084,sustain low,0.05008364,0
22/01/2019 13:23:17.814,3.685112,intervention,2.685112,sustain low,0.06011248,0
22/01/2019 13:23:17.823,3.694365,intervention,2.694365,sustain low,0.06936502,0
22/01/2019 13:23:17.832,3.703608,intervention,2.703608,sustain low,0.07860804,0
22/01/2019 13:23:17.842,3.712764,intervention,2.712764,sustain low,0.08776426,0
22/01/2019 13:23:17.852,3.722851,intervention,2.722851,sustain low,0.09785128,0
22/01/2019 13:23:17.862,3.732751,intervention,2.732751,sustain low,0.1077514,0
22/01/2019 13:23:17.871,3.742527,intervention,2.742527,sustain low,0.1175265,0
22/01/2019 13:23:17.881,3.752443,intervention,2.752443,attack,0.002442837,0.01954269
22/01/2019 13:23:17.891,3.762456,intervention,2.762456,attack,0.01245642,0.09965134
22/01/2019 13:23:17.901,3.772391,intervention,2.772391,attack,0.02239084,0.1791267
22/01/2019 13:23:17.916,3.786561,intervention,2.786561,attack,0.03656149,0.2924919
22/01/2019 13:23:17.925,3.795711,intervention,2.795711,attack,0.04571104,0.3656883
22/01/2019 13:23:17.934,3.80551,intervention,2.80551,attack,0.05551004,0.4440804
22/01/2019 13:23:17.944,3.814949,intervention,2.814949,attack,0.06494856,0.5195885
22/01/2019 13:23:17.953,3.824165,intervention,2.824165,attack,0.07416487,0.5933189
22/01/2019 13:23:17.963,3.834124,intervention,2.834124,attack,0.08412409,0.6729927
22/01/2019 13:23:17.973,3.844001,intervention,2.844001,attack,0.09400129,0.7520103
22/01/2019 13:23:17.982,3.853162,intervention,2.853162,attack,0.1031623,0.8252983
22/01/2019 13:23:17.992,3.863146,intervention,2.863146,attack,0.1131463,0.9051704
22/01/2019 13:23:18.002,3.873155,intervention,2.873155,attack,0.1231551,0.9852409
22/01/2019 13:23:18.012,3.883048,intervention,2.883048,sustain high,0.008047581,1
22/01/2019 13:23:18.022,3.892916,intervention,2.892916,sustain high,0.0179162,1
22/01/2019 13:23:18.032,3.903039,intervention,2.903039,sustain high,0.0280385,1
22/01/2019 13:23:18.041,3.912195,intervention,2.912195,sustain high,0.03719473,1
22/01/2019 13:23:18.051,3.9216,intervention,2.9216,sustain high,0.04659986,1
22/01/2019 13:23:18.061,3.931721,intervention,2.931721,sustain high,0.05672121,1
22/01/2019 13:23:18.071,3.941582,intervention,2.941582,sustain high,0.0665822,1
22/01/2019 13:23:18.081,3.951575,intervention,2.951575,sustain high,0.0765748,1
22/01/2019 13:23:18.091,3.961516,intervention,2.961516,sustain high,0.0865159,1
22/01/2019 13:23:18.101,3.971512,intervention,2.971512,sustain high,0.09651232,1
22/01/2019 13:23:18.110,3.981409,intervention,2.981409,sustain high,0.1064086,1
22/01/2019 13:23:18.120,3.990877,intervention,2.990877,sustain high,0.1158767,1
22/01/2019 13:23:18.130,4.00083,intervention,3.00083,decay,0.0008301735,0.9933586
22/01/2019 13:23:18.140,4.01078,intervention,3.01078,decay,0.01077986,0.9137611
22/01/2019 13:23:18.150,4.020817,intervention,3.020817,decay,0.02081728,0.8334618
22/01/2019 13:23:18.160,4.03059,intervention,3.03059,decay,0.03058958,0.7552834
22/01/2019 13:23:18.170,4.040611,intervention,3.040611,decay,0.04061079,0.6751137
22/01/2019 13:23:18.180,4.050589,intervention,3.050589,decay,0.05058908,0.5952873
22/01/2019 13:23:18.190,4.060514,intervention,3.060514,decay,0.06051397,0.5158882
22/01/2019 13:23:18.206,4.076581,intervention,3.076581,decay,0.07658052,0.3873558
22/01/2019 13:23:18.215,4.086017,intervention,3.086017,decay,0.08601713,0.3118629
22/01/2019 13:23:18.224,4.095185,intervention,3.095185,decay,0.0951848,0.2385216
22/01/2019 13:23:18.234,4.105329,intervention,3.105329,decay,0.105329,0.1573677
22/01/2019 13:23:18.244,4.114589,intervention,3.114589,decay,0.1145892,0.08328629
22/01/2019 13:23:18.254,4.124589,intervention,3.124589,decay,0.1245894,0.003284454
22/01/2019 13:23:18.263,4.133902,intervention,3.133902,sustain low,0.008902073,0
22/01/2019 13:23:18.272,4.143128,intervention,3.143128,sustain low,0.01812792,0
22/01/2019 13:23:18.282,4.152469,intervention,3.152469,sustain low,0.02746916,0
22/01/2019 13:23:18.291,4.161685,intervention,3.161685,sustain low,0.03668451,0
22/01/2019 13:23:18.300,4.170861,intervention,3.170861,sustain low,0.04586077,0
22/01/2019 13:23:18.310,4.180739,intervention,3.180739,sustain low,0.05573893,0
22/01/2019 13:23:18.320,4.190785,intervention,3.190785,sustain low,0.06578493,0
22/01/2019 13:23:18.329,4.200357,intervention,3.200357,sustain low,0.07535696,0
22/01/2019 13:23:18.348,4.219317,intervention,3.219317,sustain low,0.09431696,0
22/01/2019 13:23:18.357,4.228549,intervention,3.228549,sustain low,0.1035495,0
22/01/2019 13:23:18.367,4.238367,intervention,3.238367,sustain low,0.1133666,0
22/01/2019 13:23:18.377,4.248342,intervention,3.248342,sustain low,0.123342,0
22/01/2019 13:23:18.386,4.257503,intervention,3.257503,attack,0.007503033,0.06002426
22/01/2019 13:23:18.396,4.267505,intervention,3.267505,attack,0.01750517,0.1400414
22/01/2019 13:23:18.406,4.277473,intervention,3.277473,attack,0.02747297,0.2197838
22/01/2019 13:23:18.416,4.287491,intervention,3.287491,attack,0.03749132,0.2999306
22/01/2019 13:23:18.426,4.296846,intervention,3.296846,attack,0.04684591,0.3747673
22/01/2019 13:23:18.436,4.306811,intervention,3.306811,attack,0.05681086,0.4544868
22/01/2019 13:23:18.445,4.31668,intervention,3.31668,attack,0.06668043,0.5334435
22/01/2019 13:23:18.455,4.326521,intervention,3.326521,attack,0.0765214,0.6121712
22/01/2019 13:23:18.465,4.335704,intervention,3.335704,attack,0.08570433,0.6856346
22/01/2019 13:23:18.474,4.345449,intervention,3.345449,attack,0.09544897,0.7635918
22/01/2019 13:23:18.489,4.360439,intervention,3.360439,attack,0.1104388,0.8835106
22/01/2019 13:23:18.499,4.369991,intervention,3.369991,attack,0.1199908,0.9599266
22/01/2019 13:23:18.509,4.379941,intervention,3.379941,sustain high,0.004941463,1
22/01/2019 13:23:18.519,4.389944,intervention,3.389944,sustain high,0.0149436,1
22/01/2019 13:23:18.528,4.399129,intervention,3.399129,sustain high,0.02412939,1
22/01/2019 13:23:18.538,4.409113,intervention,3.409113,sustain high,0.03411341,1
22/01/2019 13:23:18.547,4.418318,intervention,3.418318,sustain high,0.04331827,1
22/01/2019 13:23:18.557,4.42811,intervention,3.42811,sustain high,0.05310965,1
22/01/2019 13:23:18.567,4.438051,intervention,3.438051,sustain high,0.06305075,1
22/01/2019 13:23:18.577,4.447978,intervention,3.447978,sustain high,0.07297754,1
22/01/2019 13:23:18.587,4.457998,intervention,3.457998,sustain high,0.0829978,1
22/01/2019 13:23:18.597,4.467936,intervention,3.467936,sustain high,0.09293604,1
22/01/2019 13:23:18.607,4.477669,intervention,3.477669,sustain high,0.1026692,1
22/01/2019 13:23:18.616,4.486836,intervention,3.486836,sustain high,0.111836,1
22/01/2019 13:23:18.629,4.499799,intervention,3.499799,sustain high,0.1247993,1
22/01/2019 13:23:18.638,4.509058,intervention,3.509058,decay,0.009057522,0.9275398
22/01/2019 13:23:18.648,4.518957,intervention,3.518957,decay,0.01895666,0.8483467
22/01/2019 13:23:18.658,4.528976,intervention,3.528976,decay,0.02897596,0.7681923
22/01/2019 13:23:18.668,4.538872,intervention,3.538872,decay,0.03887224,0.6890221
22/01/2019 13:23:18.678,4.548785,intervention,3.548785,decay,0.04878473,0.6097221
22/01/2019 13:23:18.687,4.558506,intervention,3.558506,decay,0.05850649,0.5319481
22/01/2019 13:23:18.697,4.568367,intervention,3.568367,decay,0.06836748,0.4530602
22/01/2019 13:23:18.707,4.578252,intervention,3.578252,decay,0.07825232,0.3739815
22/01/2019 13:23:18.716,4.587508,intervention,3.587508,decay,0.08750772,0.2999382
22/01/2019 13:23:18.726,4.596775,intervention,3.596775,decay,0.09677458,0.2258034
22/01/2019 13:23:18.736,4.606732,intervention,3.606732,decay,0.1067319,0.1461449
22/01/2019 13:23:18.745,4.6159,intervention,3.6159,decay,0.1158996,0.0728035
22/01/2019 13:23:18.755,4.625879,intervention,3.625879,sustain low,0.0008788109,0
22/01/2019 13:23:18.771,4.641576,intervention,3.641576,sustain low,0.01657629,0
22/01/2019 13:23:18.780,4.651313,intervention,3.651313,sustain low,0.0263133,0
22/01/2019 13:23:18.790,4.660809,intervention,3.660809,sustain low,0.03580904,0
22/01/2019 13:23:18.800,4.670793,intervention,3.670793,sustain low,0.04579306,0
22/01/2019 13:23:18.810,4.68071,intervention,3.68071,sustain low,0.05571032,0
22/01/2019 13:23:18.820,4.690589,intervention,3.690589,sustain low,0.06558943,0
22/01/2019 13:23:18.829,4.699788,intervention,3.699788,sustain low,0.07478762,0
22/01/2019 13:23:18.839,4.709888,intervention,3.709888,sustain low,0.08488798,0
22/01/2019 13:23:18.849,4.719923,intervention,3.719923,sustain low,0.0949235,0
22/01/2019 13:23:18.858,4.72936,intervention,3.72936,sustain low,0.1043601,0
22/01/2019 13:23:18.868,4.739296,intervention,3.739296,sustain low,0.1142964,0
22/01/2019 13:23:18.878,4.749361,intervention,3.749361,sustain low,0.1243606,0
22/01/2019 13:23:18.888,4.759287,intervention,3.759287,attack,0.009287357,0.07429886
22/01/2019 13:23:18.898,4.769184,intervention,3.769184,attack,0.01918364,0.1534691
22/01/2019 13:23:18.909,4.779747,intervention,3.779747,attack,0.02974749,0.2379799
22/01/2019 13:23:18.918,4.789063,intervention,3.789063,attack,0.03906298,0.3125038
22/01/2019 13:23:18.927,4.798357,intervention,3.798357,attack,0.04835749,0.3868599
22/01/2019 13:23:18.937,4.808383,intervention,3.808383,attack,0.05838251,0.4670601
22/01/2019 13:23:18.947,4.818348,intervention,3.818348,attack,0.06834841,0.5467873
22/01/2019 13:23:18.957,4.828184,intervention,3.828184,attack,0.07818365,0.6254692
22/01/2019 13:23:18.966,4.837348,intervention,3.837348,attack,0.08734846,0.6987877
22/01/2019 13:23:18.976,4.846708,intervention,3.846708,attack,0.09670782,0.7736626
22/01/2019 13:23:18.985,4.85679,intervention,3.85679,attack,0.1067901,0.8543205
22/01/2019 13:23:18.995,4.866762,intervention,3.866762,attack,0.1167617,0.9340935
22/01/2019 13:23:19.005,4.876724,intervention,3.876724,sustain high,0.001723766,1
22/01/2019 13:23:19.015,4.886389,intervention,3.886389,sustain high,0.01138926,1
22/01/2019 13:23:19.024,4.895644,intervention,3.895644,sustain high,0.02064371,1
22/01/2019 13:23:19.033,4.904951,intervention,3.904951,sustain high,0.02995062,1
22/01/2019 13:23:19.048,4.919793,intervention,3.919793,sustain high,0.04479265,1
22/01/2019 13:23:19.057,4.92925,intervention,3.92925,sustain high,0.05425024,1
22/01/2019 13:23:19.067,4.939229,intervention,3.939229,sustain high,0.06422853,1
22/01/2019 13:23:19.077,4.949223,intervention,3.949223,sustain high,0.07422304,1
22/01/2019 13:23:19.088,4.95926,intervention,3.95926,sustain high,0.08426046,1
22/01/2019 13:23:19.097,4.968434,intervention,3.968434,sustain high,0.09343386,1
22/01/2019 13:23:19.109,4.980677,intervention,3.980677,sustain high,0.1056771,1
22/01/2019 13:23:19.118,4.989932,intervention,3.989932,sustain high,0.1149316,1
22/01/2019 13:23:19.128,4.999756,intervention,3.999756,sustain high,0.1247563,1
22/01/2019 13:23:19.137,5.008985,control,0.008985043,none,0.1247563,1
22/01/2019 13:23:19.147,5.018886,control,0.01888609,none,0.1247563,1
22/01/2019 13:23:19.156,5.028135,control,0.02813482,none,0.1247563,1
22/01/2019 13:23:19.166,5.037312,control,0.03731203,none,0.1247563,1
22/01/2019 13:23:19.176,5.047246,control,0.04724646,none,0.1247563,1
22/01/2019 13:23:19.186,5.057241,control,0.05724096,none,0.1247563,1
22/01/2019 13:23:19.196,5.067679,control,0.06767893,none,0.1247563,1
22/01/2019 13:23:19.205,5.07687,control,0.07687044,none,0.1247563,1
22/01/2019 13:23:19.215,5.086837,control,0.08683729,none,0.1247563,1
22/01/2019 13:23:19.225,5.096279,control,0.09627867,none,0.1247563,1
22/01/2019 13:23:19.234,5.105551,control,0.1055512,none,0.1247563,1
22/01/2019 13:23:19.244,5.11539,control,0.1153903,none,0.1247563,1
22/01/2019 13:23:19.253,5.124563,control,0.1245627,none,0.1247563,1
22/01/2019 13:23:19.263,5.134432,control,0.1344323,none,0.1247563,1
22/01/2019 13:23:19.272,5.143771,control,0.1437707,none,0.1247563,1
22/01/2019 13:23:19.281,5.152954,control,0.1529536,none,0.1247563,1
22/01/2019 13:23:19.291,5.162167,control,0.1621671,none,0.1247563,1
22/01/2019 13:23:19.301,5.172406,control,0.1724057,none,0.1247563,1
22/01/2019 13:23:19.310,5.181571,control,0.1815705,none,0.1247563,1
22/01/2019 13:23:19.320,5.191569,control,0.1915689,none,0.1247563,1
22/01/2019 13:23:19.330,5.201469,control,0.2014689,none,0.1247563,1
22/01/2019 13:23:19.345,5.216269,control,0.216269,none,0.1247563,1
22/01/2019 13:23:19.354,5.225687,control,0.2256866,none,0.1247563,1
22/01/2019 13:23:19.363,5.234897,control,0.2348971,none,0.1247563,1
22/01/2019 13:23:19.373,5.244565,control,0.2445655,none,0.1247563,1
22/01/2019 13:23:19.382,5.25407,control,0.2540698,none,0.1247563,1
22/01/2019 13:23:19.392,5.264021,control,0.2640214,none,0.1247563,1
22/01/2019 13:23:19.402,5.273926,control,0.2739263,none,0.1247563,1
22/01/2019 13:23:19.412,5.283932,control,0.2839322,none,0.1247563,1
22/01/2019 13:23:19.422,5.293108,control,0.2931085,none,0.1247563,1
22/01/2019 13:23:19.431,5.302423,control,0.302423,none,0.1247563,1
22/01/2019 13:23:19.441,5.312392,control,0.3123918,none,0.1247563,1
22/01/2019 13:23:19.451,5.322235,control,0.3222346,none,0.1247563,1
22/01/2019 13:23:19.460,5.331545,control,0.3315454,none,0.1247563,1
22/01/2019 13:23:19.469,5.340758,control,0.3407578,none,0.1247563,1
22/01/2019 13:23:19.479,5.350724,control,0.3507237,none,0.1247563,1
22/01/2019 13:23:19.492,5.363658,control,0.3636584,none,0.1247563,1
22/01/2019 13:23:19.501,5.37285,control,0.3728499,none,0.1247563,1
22/01/2019 13:23:19.511,5.382758,control,0.3827577,none,0.1247563,1
22/01/2019 13:23:19.521,5.392705,control,0.3927054,none,0.1247563,1
22/01/2019 13:23:19.531,5.402709,control,0.4027085,none,0.1247563,1
22/01/2019 13:23:19.541,5.412638,control,0.4126382,none,0.1247563,1
22/01/2019 13:23:19.551,5.422486,control,0.4224858,none,0.1247563,1
22/01/2019 13:23:19.561,5.432441,control,0.4324412,none,0.1247563,1
22/01/2019 13:23:19.571,5.442262,control,0.4422622,none,0.1247563,1
22/01/2019 13:23:19.581,5.452241,control,0.4522414,none,0.1247563,1
22/01/2019 13:23:19.591,5.461936,control,0.4619365,none,0.1247563,1
22/01/2019 13:23:19.601,5.471979,control,0.4719787,none,0.1247563,1
22/01/2019 13:23:19.611,5.481843,control,0.4818435,none,0.1247563,1
22/01/2019 13:23:19.620,5.491131,control,0.4911313,none,0.1247563,1
22/01/2019 13:23:19.638,5.509347,control,0.5093474,none,0.1247563,1
22/01/2019 13:23:19.648,5.519049,control,0.5190492,none,0.1247563,1
22/01/2019 13:23:19.657,5.528319,control,0.5283189,none,0.1247563,1
22/01/2019 13:23:19.666,5.537482,control,0.5374818,none,0.1247563,1
22/01/2019 13:23:19.675,5.546695,control,0.5466952,none,0.1247563,1
22/01/2019 13:23:19.684,5.55611,control,0.5561099,none,0.1247563,1
22/01/2019 13:23:19.694,5.565449,control,0.5654492,none,0.1247563,1
22/01/2019 13:23:19.704,5.575346,control,0.5753455,none,0.1247563,1
22/01/2019 13:23:19.714,5.585385,control,0.5853848,none,0.1247563,1
22/01/2019 13:23:19.724,5.59538,control,0.5953803,none,0.1247563,1
22/01/2019 13:23:19.734,5.60543,control,0.6054301,none,0.1247563,1
22/01/2019 13:23:19.744,5.615766,control,0.615766,none,0.1247563,1
22/01/2019 13:23:19.753,5.625152,control,0.6251521,none,0.1247563,1
22/01/2019 13:23:19.763,5.634455,control,0.6344552,none,0.1247563,1
22/01/2019 13:23:19.772,5.643673,control,0.6436734,none,0.1247563,1
22/01/2019 13:23:19.783,5.654879,control,0.6548791,none,0.1247563,1
22/01/2019 13:23:19.793,5.664799,control,0.6647992,none,0.1247563,1
22/01/2019 13:23:19.803,5.674751,control,0.6747508,none,0.1247563,1
22/01/2019 13:23:19.812,5.684044,control,0.6840444,none,0.1247563,1
22/01/2019 13:23:19.822,5.693376,control,0.6933761,none,0.1247563,1
22/01/2019 13:23:19.832,5.703395,control,0.7033954,none,0.1247563,1
22/01/2019 13:23:19.841,5.712663,control,0.7126632,none,0.1247563,1
22/01/2019 13:23:19.851,5.722479,control,0.7224793,none,0.1247563,1
22/01/2019 13:23:19.863,5.733853,control,0.7338529,none,0.1247563,1
22/01/2019 13:23:19.872,5.743163,control,0.7431626,none,0.1247563,1
22/01/2019 13:23:19.882,5.753084,control,0.7530837,none,0.1247563,1
22/01/2019 13:23:19.892,5.762972,control,0.7629724,none,0.1247563,1
22/01/2019 13:23:19.902,5.7729,control,0.7729001,none,0.1247563,1
22/01/2019 13:23:19.911,5.782138,control,0.7821383,none,0.1247563,1
22/01/2019 13:23:19.920,5.79146,control,0.7914596,none,0.1247563,1
22/01/2019 13:23:19.933,5.804404,control,0.8044038,none,0.1247563,1
22/01/2019 13:23:19.943,5.813957,control,0.8139567,none,0.1247563,1
22/01/2019 13:23:19.953,5.823676,control,0.8236756,none,0.1247563,1
22/01/2019 13:23:19.962,5.83369,control,0.8336902,none,0.1247563,1
22/01/2019 13:23:19.972,5.843614,control,0.8436141,none,0.1247563,1
22/01/2019 13:23:19.982,5.853426,control,0.8534255,none,0.1247563,1
22/01/2019 13:23:19.992,5.86332,control,0.8633199,none,0.1247563,1
22/01/2019 13:23:20.002,5.873321,control,0.8733211,none,0.1247563,1
22/01/2019 13:23:20.012,5.883288,control,0.8832879,none,0.1247563,1
22/01/2019 13:23:20.022,5.893187,control,0.893187,none,0.1247563,1
22/01/2019 13:23:20.032,5.903147,control,0.9031472,none,0.1247563,1
22/01/2019 13:23:20.041,5.91237,control,0.9123702,none,0.1247563,1
22/01/2019 13:23:20.050,5.921529,control,0.9215293,none,0.1247563,1
22/01/2019 13:23:20.060,5.930728,control,0.9307284,none,0.1247563,1
22/01/2019 13:23:20.070,5.940635,control,0.9406352,none,0.1247563,1
22/01/2019 13:23:20.081,5.951677,control,0.9516768,none,0.1247563,1
22/01/2019 13:23:20.090,5.960968,control,0.9609685,none,0.1247563,1
22/01/2019 13:23:20.100,5.970981,control,0.9709811,none,0.1247563,1
22/01/2019 13:23:20.110,5.981004,control,0.9810042,none,0.1247563,1
22/01/2019 13:23:20.119,5.990213,control,0.9902129,none,0.1247563,1
22/01/2019 13:23:20.128,5.999505,control,0.9995046,none,0.1247563,1
